row,cmpdname,isosmiles,family,hard_region,boiling_point_kelvin
0,Ethylene Glycol,C(CO)O,alcohol/phenol,True,470.65
1,"2,3-Butanediol",CC(C(C)O)O,alcohol/phenol,True,455.15
2,1-Butanol,CCCCO,alcohol/phenol,False,390.75
3,Methane,C,alkane,False,111.65
4,Octane,CCCCCCCC,alkane,False,398.77
5,Dimethylamine,CNC,amine,False,280.45
6,Ethanol,CCO,alcohol/phenol,False,351.39
7,Methanol,CO,alcohol/phenol,False,337.65
8,1-Octanol,CCCCCCCCO,alcohol/phenol,False,467.85
9,Propylene Glycol,CC(CO)O,alcohol/phenol,True,460.45
10,1-Propanol,CCCO,alcohol/phenol,False,370.19
11,Trimethylamine,CN(C)C,amine,False,275.95
12,3-(Dibutylamino)propylamine,CCCCN(CCCC)CCCN,amine,False,478.2
13,Dioctylamine,CCCCCCCCNCCCCCCCC,amine,True,580.85
14,Ethylenediamine,C(CN)N,amine,True,390.05
15,Isopropyl Alcohol,CC(C)O,alcohol/phenol,False,355.36
16,Sorbitol,C([C@H]([C@H]([C@@H]([C@H](CO)O)O)O)O)O,alcohol/phenol,True,704.0
17,"N,N,N',N'-Tetramethylmethanediamine",CN(C)CN(C)C,amine,False,356.65
18,1-Pentanol,CCCCCO,alcohol/phenol,False,410.75
19,Ethane,CC,alkane,False,184.55
20,Ethylene,C=C,alkene/alkyne,False,169.35
21,Methylamine,CN,amine,False,266.75
22,Propane,CCC,alkane,False,231.04
23,Propyne,CC#C,alkene/alkyne,False,249.95
24,Ethylamine,CCN,amine,False,289.75
25,Isobutane,CC(C)C,alkane,False,261.45
26,Isopropylamine,CC(C)N,amine,False,304.95
27,"2,2-Dimethylbutane",CCC(C)(C)C,alkane,False,322.85
28,Neopentyl alcohol,CC(C)(C)CO,alcohol/phenol,False,385.15
29,2-Methyl-2-butanol,CCC(C)(C)O,alcohol/phenol,False,375.55
30,Pinacol,CC(C)(C(C)(C)O)O,alcohol/phenol,True,447.15
31,3-Methyl-3-pentanol,CCC(C)(CC)O,alcohol/phenol,False,402.15
32,3-Methyl-1-pentyn-3-ol,CCC(C)(C#C)O,alcohol/phenol,False,393.15
33,Isopentane,CCC(C)C,alkane,False,300.98
34,Isoprene,CC(=C)C=C,alkene/alkyne,False,307.15
35,Isobutylamine,CC(C)CN,amine,False,341.95
36,Isobutanol,CC(C)CO,alcohol/phenol,False,380.99
37,2-Butanol,CCC(C)O,alcohol/phenol,False,372.55
38,"2,3-Dimethylbutane",CC(C)C(C)C,alkane,False,331.15
39,Xylitol,C([C@H](C([C@H](CO)O)O)O)O,alcohol/phenol,True,653.15
40,3-Methylpentane,CCC(C)CC,alkane,False,336.45
41,2-Methylbutylamine,CCC(C)CN,amine,False,368.70133
42,"N,N,N',N'-Tetramethyl-1,3-butanediamine",CC(CCN(C)C)N(C)C,amine,False,438.2
43,Triethylborane,B(CC)(CC)CC,other,False,368.15
44,2-Ethyl-1-butanol,CCC(CC)CO,alcohol/phenol,False,428.15
45,Tripropylamine,CCCN(CCC)CCC,amine,False,426.15
46,Triallylamine,C=CCN(CC=C)CC=C,amine,False,423.15
47,Tributylamine,CCCCN(CCCC)CCCC,amine,False,480.15
48,Tridodecylamine,CCCCCCCCCCCCN(CCCCCCCCCCCC)CCCCCCCCCCCC,amine,True,721.15
49,5-Ethyl-2-nonanol,CCCCC(CC)CCC(C)O,alcohol/phenol,False,498.15
50,2-Ethylhexylamine,CCCCC(CC)CN,amine,False,445.15
51,2-Ethylhexan-1-ol,CCCCC(CC)CO,alcohol/phenol,False,459.35
52,2-Methyl-1-pentanol,CCCC(C)CO,alcohol/phenol,False,430.15
53,"1,3-Dimethylpentylamine",CCC(C)CC(C)N,amine,False,405.65
54,"N,N-Bis(3-aminopropyl)methylamine",CN(CCCN)CCCN,amine,True,505.15
55,Bis(2-ethylhexyl)amine,CCCCC(CC)CNCC(CC)CCCC,amine,False,554.25
56,"3,7-Dimethyloctan-1-ol",CC(C)CCCC(C)CCO,alcohol/phenol,False,497.15
57,(-)-Citronellol,C[C@@H](CCC=C(C)C)CCO,alcohol/phenol,False,497.15
58,"1,2,6-Hexanetriol",C(CCO)CC(CO)O,alcohol/phenol,True,443.15
59,Butane,CCCC,alkane,False,272.65
60,1-Butene,CCC=C,alkene/alkyne,False,266.85
61,"1,3-Butadiene",C=CC=C,alkene/alkyne,False,268.55
62,1-Butyne,CCC#C,alkene/alkyne,False,281.25
63,Propylamine,CCCN,amine,False,320.36
64,Allylamine,C=CCN,amine,False,327.15
65,Allyl alcohol,C=CCO,alcohol/phenol,False,370.05
66,Propargyl alcohol,C#CCO,alcohol/phenol,False,386.15
67,"2,4,4-Trimethyl-1-pentene",CC(=C)CC(C)(C)C,alkene/alkyne,False,374.45
68,"2,4,4-Trimethyl-2-pentene",CC(=CC(C)(C)C)C,alkene/alkyne,False,378.05
69,2-Methylpentane,CCCC(C)C,alkane,False,333.36
70,Isoamylamine,CC(C)CCN,amine,False,369.15
71,1-Methoxy-2-propanol,CC(COC)O,alcohol/phenol,False,393.15
72,"2,4-Dimethylpentane",CC(C)CC(C)C,alkane,False,353.55
73,"1,3-Dimethylbutylamine",CC(C)CC(C)N,amine,False,381.95884
74,4-Methyl-2-pentanol,CC(C)CC(C)O,alcohol/phenol,False,405.15
75,Diisopropylamine,CC(C)NC(C)C,amine,False,357.15
76,2-Isopropoxyethanol,CC(C)OCCO,alcohol/phenol,False,414.75
77,Pentane,CCCCC,alkane,False,309.21
78,1-Pentene,CCCC=C,alkene/alkyne,False,303.15
79,Butylamine,CCCCN,amine,False,350.15
80,N-Methylethylenediamine,CNCCN,amine,False,388.65
81,2-Methoxyethanol,COCCO,alcohol/phenol,False,397.45
82,Diethylamine,CCNCC,amine,False,328.55
83,"2,5-Dimethyl-2,5-hexanediol",CC(C)(CCC(C)(C)O)O,alcohol/phenol,True,506.15
84,"N,N,N',N'-Tetramethylethylenediamine",CN(C)CCN(C)C,amine,False,394.15
85,n-HEXANE,CCCCCC,alkane,False,341.87
86,"1,4-Butanediol",C(CCO)CO,alcohol/phenol,True,502.65
87,"2-Butyne-1,4-diol",C(C#CCO)O,alcohol/phenol,True,511.15
88,N-Methylbutylamine,CCCCNC,amine,False,364.15
89,"N,N'-Dimethylethylenediamine",CNCCNC,amine,False,393.15
90,2-Ethoxyethanol,CCOCCO,alcohol/phenol,False,407.85
91,"N,N,N',N'-Tetramethyl-1,3-propanediamine",CN(C)CCCN(C)C,amine,False,417.15
92,Diisobutylamine,CC(C)CNCC(C)C,amine,False,412.75
93,"1,1'-Oxydi-2-propanol",CC(COCC(C)O)O,alcohol/phenol,True,506.15
94,Squalane,CC(C)CCCC(C)CCCC(C)CCCCC(C)CCCC(C)CCCC(C)C,alkane,True,693.15
95,Hexylamine,CCCCCCN,amine,False,405.15
96,1-Hexanol,CCCCCCO,alcohol/phenol,False,430.05
97,"1,5-Pentanediol",C(CCO)CCO,alcohol/phenol,True,514.15
98,3-Ethoxy-1-propanol,CCOCCCO,alcohol/phenol,False,433.69704
99,Diethylenetriamine,C(CNCCN)N,amine,True,479.65
100,2-Allyloxyethanol,C=CCOCCO,alcohol/phenol,False,431.65
101,1-Octene,CCCCCCC=C,alkene/alkyne,False,394.45
102,Heptylamine,CCCCCCCN,amine,False,426.15
103,1-Heptanol,CCCCCCCO,alcohol/phenol,False,451.15
104,2-Butoxyethanol,CCCCOCCO,alcohol/phenol,False,444.15
105,Nonane,CCCCCCCCC,alkane,False,423.95
106,Octylamine,CCCCCCCCN,amine,False,451.75
107,Dibutylamine,CCCCNCCCC,amine,False,435.15
108,"N,N-Dimethyldodecylamine",CCCCCCCCCCCCN(C)C,amine,False,533.15
109,2-(Hexyloxy)ethanol,CCCCCCOCCO,alcohol/phenol,False,481.15
110,1-Decanol,CCCCCCCCCCO,alcohol/phenol,False,502.15
111,Dodecane,CCCCCCCCCCCC,alkane,False,489.45
112,1-Dodecene,CCCCCCCCCCC=C,alkene/alkyne,False,486.55
113,1-Undecanol,CCCCCCCCCCCO,alcohol/phenol,False,519.15
114,Tetraethylenepentamine,C(CNCCNCCNCCN)N,amine,True,614.65
115,1-Tridecanol,CCCCCCCCCCCCCO,alcohol/phenol,False,560.15
116,1-Tetradecanol,CCCCCCCCCCCCCCO,alcohol/phenol,False,568.95
117,1-Octadecene,CCCCCCCCCCCCCCCCC=C,alkene/alkyne,True,588.65
118,Eicosane,CCCCCCCCCCCCCCCCCCCC,alkane,True,617.25
119,Propylene,CC=C,alkene/alkyne,False,225.55
120,Isobutylene,CC(=C)C,alkene/alkyne,False,266.15
121,"2,2-Diethyl-1,3-propanediol",CCC(CC)(CO)CO,alcohol/phenol,True,517.15
122,Pentaerythritol,C(C(CO)(CO)CO)O,alcohol/phenol,True,631.0
123,"N,N-Diisopropylethylenediamine",CC(C)N(CCN)C(C)C,amine,False,394.15
124,Triethylamine,CCN(CC)CC,amine,False,361.95
125,2-Methyl-1-butanol,CCC(C)CO,alcohol/phenol,False,401.15
126,"2,5-Dimethyl-3-hexyne-2,5-diol",CC(C)(C#CC(C)(C)O)O,alcohol/phenol,True,479.15
127,Heptane,CCCCCCC,alkane,False,371.53
128,Dipropylamine,CCCNCCC,amine,False,380.65
129,Decylamine,CCCCCCCCCCN,amine,False,490.15
130,Dihexylamine,CCCCCCNCCCCCC,amine,False,509.15
131,Bis(hexamethylene)triamine,C(CCCNCCCCCCN)CCN,amine,True,493.15
132,Hexadecylamine,CCCCCCCCCCCCCCCCN,amine,True,594.15
133,"2,2,4-Trimethyl-1,3-pentanediol",CC(C)C(C(C)(C)CO)O,alcohol/phenol,True,503.25
134,"1,3-Butadiyne",C#CC#C,alkene/alkyne,False,283.15
135,Allene,C=C=C,alkane,False,238.35
136,Neopentane,CC(C)(C)C,alkane,False,282.65
137,"2,2,3-Trimethylbutane",CC(C)C(C)(C)C,alkane,False,353.95
138,"3,3-Dimethyl-2-butanol",CC(C(C)(C)C)O,alcohol/phenol,False,393.15
139,"3-Butene-1,2-diol",C=CC(CO)O,alcohol/phenol,True,469.65
140,Octamylamine,CC(C)CCCC(C)NCCC(C)C,amine,False,373.65
141,2-Butyne,CC#CC,alkene/alkyne,False,300.25
142,"1,3-Propanediol",C(CO)CO,alcohol/phenol,True,487.85
143,1-Tetracosanol,CCCCCCCCCCCCCCCCCCCCCCCCO,alcohol/phenol,True,675.0
144,2-Methyl-2-butene,CC=C(C)C,alkene/alkyne,False,311.65
145,Methallyl alcohol,CC(=C)CO,alcohol/phenol,False,387.65
146,"2,3-Dimethyl-1,3-butadiene",CC(=C)C(=C)C,alkene/alkyne,False,342.15
147,"2,2,4-Trimethylpentane",CC(C)CC(C)(C)C,alkane,False,372.35
148,2-Heptanol,CCCCCC(C)O,alcohol/phenol,False,432.15
149,Diisoamylamine,CC(C)CCNCCC(C)C,amine,False,460.15
150,3-Hexen-1-ol,CCC=CCCO,alcohol/phenol,False,426.15
151,Hexadecane,CCCCCCCCCCCCCCCC,alkane,False,560.05
152,Dotriacontane,CCCCCCCCCCCCCCCCCCCCCCCCCCCCCCCC,alkane,True,743.15
153,"3,3-Dimethyl-1-butene",CC(C)(C)C=C,alkene/alkyne,False,314.39
154,"2,3,3-Trimethylpentane",CCC(C)(C)C(C)C,alkane,False,387.85
155,"2,3,3-Trimethyl-1-pentene",CCC(C)(C)C(=C)C,alkene/alkyne,False,381.15
156,"3,3-Dimethylpentane",CCC(C)(C)CC,alkane,False,359.15
157,"3,3-Dimethylhexane",CCCC(C)(C)CC,alkane,False,385.05
158,3-Methyl-1-butene,CC(C)C=C,alkene/alkyne,False,293.25
159,2-Methyl-1-butene,CCC(=C)C,alkene/alkyne,False,304.25
160,"2,3-Dimethyl-1-butene",CC(C)C(=C)C,alkene/alkyne,False,328.74
161,"2,3-Dimethyl-2-butene",CC(=C(C)C)C,alkene/alkyne,False,346.34
162,"2,2,3-Trimethylpentane",CCC(C)C(C)(C)C,alkane,False,382.95
163,"2,3-Dimethylpentane",CCC(C)C(C)C,alkane,False,362.95
164,3-Methyl-2-pentanol,CCC(C)C(C)O,alcohol/phenol,False,415.15
165,2-Methyl-3-pentanol,CCC(C(C)C)O,alcohol/phenol,False,401.05
166,"2,3,4-Trimethylpentane",CC(C)C(C)C(C)C,alkane,False,386.55
167,"2,3,4-Trimethyl-2-pentene",CC(C)C(=C(C)C)C,alkene/alkyne,False,389.15
168,"3,4-Dimethylhexane",CCC(C)C(C)CC,alkane,False,390.85
169,3-Pentanol,CCC(CC)O,alcohol/phenol,False,396.15
170,"1,2-Butanediol",CCC(CO)O,alcohol/phenol,True,469.1
171,"2,3-Dimethylhexane",CCCC(C)C(C)C,alkane,False,388.75
172,3-Methylhexane,CCCC(C)CC,alkane,False,364.15
173,3-Methyl-1-pentanol,CCC(C)CCO,alcohol/phenol,False,426.0
174,"2,4-Dimethylhexane",CCC(C)CC(C)C,alkane,False,382.55
175,4-Methylheptane,CCCC(C)CCC,alkane,False,390.85
176,4-Heptanol,CCCC(CCC)O,alcohol/phenol,False,434.15
177,4-Octanol,CCCCC(CCC)O,alcohol/phenol,False,448.15
178,3-Methylheptane,CCCCC(C)CC,alkane,False,392.05
179,3-Heptanol,CCCCC(CC)O,alcohol/phenol,False,427.15972
180,3-Octanol,CCCCCC(CC)O,alcohol/phenol,False,457.15
181,"1,2-Butadiene",CC=C=C,alkane,False,284.15
182,"2,2-Dimethylpentane",CCCC(C)(C)C,alkane,False,352.35
183,2-Methylpentan-2-ol,CCCC(C)(C)O,alcohol/phenol,False,394.15
184,"2,2-Dimethylhexane",CCCCC(C)(C)C,alkane,False,379.95
185,2-Methylhexane,CCCCC(C)C,alkane,False,363.15
186,"1,4-Pentadiene",C=CCC=C,alkene/alkyne,False,299.05
187,"2,5-Dimethylhexane",CC(C)CCC(C)C,alkane,False,382.25
188,2-Methylheptane,CCCCCC(C)C,alkane,False,390.75
189,1-Hexene,CCCCC=C,alkene/alkyne,False,336.55
190,"1,5-Hexadiene",C=CCCC=C,alkene/alkyne,False,332.35
191,"Hexa-1,4-diene",CC=CCC=C,alkene/alkyne,False,338.15
192,3-Hexene,CCC=CCC,alkene/alkyne,False,340.21
193,"Hexa-1,3-diene",CCC=CC=C,alkene/alkyne,False,337.72
194,1-Heptene,CCCCCC=C,alkene/alkyne,False,367.15
195,Oct-4-ene,CCCC=CCCC,alkene/alkyne,False,395.55
196,Octadecane,CCCCCCCCCCCCCCCCCC,alkane,True,589.15
197,Heptacosane,CCCCCCCCCCCCCCCCCCCCCCCCCCC,alkane,True,715.15
198,"2,3,3-Trimethyl-1-butene",CC(=C)C(C)(C)C,alkene/alkyne,False,350.95
199,"2,3-Dimethyl-2-butanol",CC(C)C(C)(C)O,alcohol/phenol,False,391.85
200,"2,2,3,3-Tetramethylbutane",CC(C)(C)C(C)(C)C,alkane,False,379.47
201,"2,3,3-Trimethyl-2-butanol",CC(C)(C)C(C)(C)O,alcohol/phenol,False,401.45
202,3-Ethyl-3-pentanol,CCC(CC)(CC)O,alcohol/phenol,False,415.15
203,3-Methyl-3-heptanol,CCCCC(C)(CC)O,alcohol/phenol,False,439.15
204,"3-Methyl-1,2-butadiene",CC(=C=C)C,alkane,False,313.95
205,3-Buten-2-OL,CC(C=C)O,alcohol/phenol,False,370.15
206,"N,N-Dimethylethylamine",CCN(C)C,amine,False,309.65
207,"1,2-Dimethylpropylamine",CC(C)C(C)N,amine,False,354.15
208,3-Methyl-2-butanol,CC(C)C(C)O,alcohol/phenol,False,385.15
209,"2,4-Dimethyl-3-pentanol",CC(C)C(C(C)C)O,alcohol/phenol,False,415.15
210,3-Ethyl-2-methylpentane,CCC(CC)C(C)C,alkane,False,388.75
211,4-Methylhexan-3-ol,CCC(C)C(CC)O,alcohol/phenol,False,422.65
212,"N,N-Diethylmethylamine",CCN(C)CC,amine,False,339.05
213,2-Methyl-3-hexanol,CCCC(C(C)C)O,alcohol/phenol,False,414.15
214,3-Ethylpentane,CCC(CC)CC,alkane,False,366.55
215,2-Ethylbutylamine,CCC(CC)CN,amine,False,398.15
216,3-Ethylhexane,CCCC(CC)CC,alkane,False,391.65
217,"2,2-Diethoxyethanol",CCOC(CO)OCC,alcohol/phenol,False,440.15
218,3-Hexanol,CCCC(CC)O,alcohol/phenol,False,407.0
219,5-Methyl-3-hexanol,CCC(CC(C)C)O,alcohol/phenol,False,420.15
220,"1,3-Dimethoxy-2-propanol",COCC(COC)O,alcohol/phenol,False,442.15
221,3-Nonanol,CCCCCCC(CC)O,alcohol/phenol,False,467.9
222,beta-Butene,CC=CC,alkene/alkyne,False,274.03
223,"3,3-Dimethyl-1-butanol",CC(C)(C)CCO,alcohol/phenol,False,416.15
224,"2,4-Dimethyl-2-pentanol",CC(C)CC(C)(C)O,alcohol/phenol,False,406.15
225,2-Methyl-2-hexanol,CCCCC(C)(C)O,alcohol/phenol,False,415.15
226,2-Methyl-2-heptanol,CCCCCC(C)(C)O,alcohol/phenol,False,446.15
227,2-Methyl-2-pentene,CCC=C(C)C,alkene/alkyne,False,340.45
228,N-Methylisobutylamine,CC(C)CNC,amine,False,341.65
229,"2,4-Pentanediol",CC(CC(C)O)O,alcohol/phenol,True,491.15
230,4-Methyl-1-pentanol,CC(C)CCCO,alcohol/phenol,False,424.15
231,2-Hexanol,CCCCC(C)O,alcohol/phenol,False,409.15
232,1-Pentyne,CCCC#C,alkene/alkyne,False,313.05
233,2-Pentyne,CCC#CC,alkene/alkyne,False,329.15
234,"2,5-Dimethyl-1,5-hexadiene",CC(=C)CCC(=C)C,alkene/alkyne,False,387.15
235,5-Methyl-2-hexanol,CC(C)CCC(C)O,alcohol/phenol,False,424.15
236,2-Methyl-2-heptene,CCCCC=C(C)C,alkene/alkyne,False,395.15
237,5-Methyl-1-hexanol,CC(C)CCCCO,alcohol/phenol,False,443.15
238,1-Heptyne,CCCCCC#C,alkene/alkyne,False,372.95
239,2-Nonanol,CCCCCCCC(C)O,alcohol/phenol,False,466.65
240,1-Octyne,CCCCCCC#C,alkene/alkyne,False,399.35
241,"Hexane-1,6-diol",C(CCCO)CCO,alcohol/phenol,True,481.15
242,"1,7-Heptanediol",C(CCCO)CCCO,alcohol/phenol,True,535.15
243,Tridecane,CCCCCCCCCCCCC,alkane,False,508.55
244,Tetradecane,CCCCCCCCCCCCCC,alkane,False,526.65
245,Pentadecane,CCCCCCCCCCCCCCC,alkane,False,543.75
246,1-Hexadecene,CCCCCCCCCCCCCCC=C,alkene/alkyne,False,558.15
247,1-Hexadecyne,CCCCCCCCCCCCCCC#C,alkene/alkyne,False,557.15
248,1-Pentadecanol,CCCCCCCCCCCCCCCO,alcohol/phenol,False,591.15
249,Heptadecane,CCCCCCCCCCCCCCCCC,alkane,True,576.15
250,Nonadecane,CCCCCCCCCCCCCCCCCCC,alkane,True,603.15
251,Heneicosane,CCCCCCCCCCCCCCCCCCCCC,alkane,True,632.15
252,1-Eicosanol,CCCCCCCCCCCCCCCCCCCCO,alcohol/phenol,True,629.15
253,Docosane,CCCCCCCCCCCCCCCCCCCCCC,alkane,True,642.15
254,Pentacosane,CCCCCCCCCCCCCCCCCCCCCCCCC,alkane,True,675.05
255,Hexacosane,CCCCCCCCCCCCCCCCCCCCCCCCCC,alkane,True,688.15
256,Octacosane,CCCCCCCCCCCCCCCCCCCCCCCCCCCC,alkane,True,705.15
257,Nonacosane,CCCCCCCCCCCCCCCCCCCCCCCCCCCCC,alkane,True,716.15
258,Hentriacontane,CCCCCCCCCCCCCCCCCCCCCCCCCCCCCCC,alkane,True,731.15
259,Tritriacontane,CCCCCCCCCCCCCCCCCCCCCCCCCCCCCCCCC,alkane,True,748.15
260,Hexatriacontane,CCCCCCCCCCCCCCCCCCCCCCCCCCCCCCCCCCCC,alkane,True,777.15
261,Pentatriacontane,CCCCCCCCCCCCCCCCCCCCCCCCCCCCCCCCCCC,alkane,True,762.15
262,Tricosane,CCCCCCCCCCCCCCCCCCCCCCC,alkane,True,654.15
263,Triacontane,CCCCCCCCCCCCCCCCCCCCCCCCCCCCCC,alkane,True,724.15
264,Tetracosane,CCCCCCCCCCCCCCCCCCCCCCCC,alkane,True,664.15
265,Docosanol,CCCCCCCCCCCCCCCCCCCCCCO,alcohol/phenol,True,680.15
266,4-Methyl-2-pentene,CC=CC(C)C,alkene/alkyne,False,332.15
267,"2-Methyl-1,3-butanediol",CC(CO)C(C)O,alcohol/phenol,True,473.15
268,4-Methyl-1-pentene,CC(C)CC=C,alkene/alkyne,False,327.15
269,1-Hexyne,CCCCC#C,alkene/alkyne,False,344.35
270,3-Methyl-1-pentene,CCC(C)C=C,alkene/alkyne,False,327.15
271,"4,4-Dimethyl-1-pentene",CC(C)(C)CC=C,alkene/alkyne,False,345.65
272,2-Methyl-1-pentene,CCCC(=C)C,alkene/alkyne,False,335.25
273,"2-Methyl-1,4-pentadiene",CC(=C)CC=C,alkene/alkyne,False,329.15
274,"2,5-Dimethyl-2,4-hexadiene",CC(=CC=C(C)C)C,alkene/alkyne,False,408.35
275,2-(Vinyloxy)ethanol,C=COCCO,alcohol/phenol,False,412.15
276,1-Decyne,CCCCCCCCC#C,alkene/alkyne,False,447.15
277,3-Ethyl-2-pentene,CCC(=CC)CC,alkene/alkyne,False,368.15
278,1-Undecene,CCCCCCCCCC=C,alkene/alkyne,False,465.85
279,2-Methylnonane,CCCCCCCC(C)C,alkane,False,440.15
280,1-Decene,CCCCCCCCC=C,alkene/alkyne,False,444.15
281,"3,3-Dimethyl-1-Butyne",CC(C)(C)C#C,alkene/alkyne,False,311.15
282,"2,3,4-Trimethylhexane",CCC(C)C(C)C(C)C,alkane,False,412.15
283,"3,4-Dimethylheptane",CCCC(C)C(C)CC,alkane,False,413.15
284,"4-Methyl-1,3-pentadiene",CC(=CC=C)C,alkene/alkyne,False,349.15
285,"3,5-Dimethylheptane",CCC(C)CC(C)CC,alkane,False,408.15
286,"N,N-Dimethylbutylamine",CCCCN(C)C,amine,False,365.35
287,Dodecylamine,CCCCCCCCCCCCN,amine,False,528.15
288,3-Methylundecane,CCCCCCCCC(C)CC,alkane,False,485.15
289,3-Ethyl-3-methylpentane,CCC(C)(CC)CC,alkane,False,391.35
290,"3,3-Diethylpentane",CCC(CC)(CC)CC,alkane,False,419.35
291,"3-Ethyl-2,4-dimethylpentane",CCC(C(C)C)C(C)C,alkane,False,396.15
292,"2,3,5-Trimethylhexane",CC(C)CC(C)C(C)C,alkane,False,404.15
293,"2,2,4,4-Tetramethylpentane",CC(C)(C)CC(C)(C)C,alkane,False,395.35
294,"2,2-Dimethylheptane",CCCCCC(C)(C)C,alkane,False,406.15
295,"2,2,5,5-Tetramethylhexane",CC(C)(C)CCC(C)(C)C,alkane,False,410.15
296,"2,6-Dimethylheptane",CC(C)CCCC(C)C,alkane,False,408.15
297,"2,7-Dimethyloctane",CC(C)CCCCC(C)C,alkane,False,433.15
298,Triisobutylamine,CC(C)CN(CC(C)C)CC(C)C,amine,False,467.15
299,Trioctylamine,CCCCCCCCN(CCCCCCCC)CCCCCCCC,amine,True,652.15
300,2-Heptyne,CCCCC#CC,alkene/alkyne,False,386.75
301,2-Decanol,CCCCCCCCC(C)O,alcohol/phenol,False,484.18843
302,Undecane,CCCCCCCCCCC,alkane,False,469.05
303,1-Tetradecene,CCCCCCCCCCCCC=C,alkene/alkyne,False,524.25
304,Didecylamine,CCCCCCCCCCNCCCCCCCCCC,amine,True,632.15
305,"2,2,3,4-Tetramethylpentane",CC(C)C(C)C(C)(C)C,alkane,False,406.15
306,"2,5,5-Trimethylheptane",CCC(C)(C)CCC(C)C,alkane,False,426.15
307,2-Methoxy-1-propanol,CC(CO)OC,alcohol/phenol,False,403.15
308,1-Heptadecanol,CCCCCCCCCCCCCCCCCO,alcohol/phenol,True,597.15
309,2-(2-Ethylhexyloxy)ethanol,CCCCC(CC)COCCO,alcohol/phenol,False,504.15
310,2-Methyloctadecane,CCCCCCCCCCCCCCCCC(C)C,alkane,True,599.15
311,2-Methylheptadecane,CCCCCCCCCCCCCCCC(C)C,alkane,True,584.2
312,2-Methylhexadecane,CCCCCCCCCCCCCCC(C)C,alkane,False,570.15
313,2-Methylpentadecane,CCCCCCCCCCCCCC(C)C,alkane,False,554.75
314,2-Methyltetradecane,CCCCCCCCCCCCC(C)C,alkane,False,538.35
315,2-Methyltridecane,CCCCCCCCCCCC(C)C,alkane,False,521.05
316,2-Methyldodecane,CCCCCCCCCCC(C)C,alkane,False,502.65
317,1-Propoxy-2-propanol,CCCOCC(C)O,alcohol/phenol,False,423.35
318,1-Ethoxy-2-propanol,CCOCC(C)O,alcohol/phenol,False,404.15
319,"3,6-Dimethyl-3-heptanol",CCC(C)(CCC(C)C)O,alcohol/phenol,False,446.15
320,Pent-2-en-1-ol,CCC=CCO,alcohol/phenol,False,411.15
321,2-Ethyl-1-hexene,CCCCC(=C)CC,alkene/alkyne,False,393.15
322,"1,9-Decadiene",C=CCCCCCCC=C,alkene/alkyne,False,437.15
323,2-Undecanol,CCCCCCCCCC(C)O,alcohol/phenol,False,504.15
324,2-Tridecanol,CCCCCCCCCCCC(C)O,alcohol/phenol,False,538.15
325,Decane,CCCCCCCCCC,alkane,False,447.25
326,Heptadecylamine,CCCCCCCCCCCCCCCCCN,amine,True,609.15
327,Octadecylamine,CCCCCCCCCCCCCCCCCCN,amine,True,623.15
328,Pristane,CC(C)CCCC(C)CCCC(C)CCCC(C)C,alkane,False,579.15
329,4-Octyne,CCCC#CCCC,alkene/alkyne,False,406.65
330,5-Decyne,CCCCC#CCCCC,alkene/alkyne,False,451.15
331,Nonylamine,CCCCCCCCCN,amine,False,471.15
332,Tetradecylamine,CCCCCCCCCCCCCCN,amine,False,562.15
333,Hexadecyldimethylamine,CCCCCCCCCCCCCCCCN(C)C,amine,True,603.15
334,"N,N-Dimethylheptylamine",CCCCCCCN(C)C,amine,False,445.15
335,3-Butyn-2-ol,CC(C#C)O,alcohol/phenol,False,379.65
336,Dipentylamine,CCCCCNCCCCC,amine,False,477.15
337,"2,6-Dimethyloctane",CCC(C)CCCC(C)C,alkane,False,431.15
338,4-Decanol,CCCCCCC(CCC)O,alcohol/phenol,False,487.15
339,"2,4-Dimethylheptane",CCCC(C)CC(C)C,alkane,False,405.15
340,"2,4-Dimethyl-1-pentene",CC(C)CC(=C)C,alkene/alkyne,False,354.75
341,"2,5-Dimethylheptane",CCC(C)CCC(C)C,alkane,False,408.15
342,4-Ethylheptane,CCCC(CC)CCC,alkane,False,414.15
343,3-Methyloctane,CCCCCC(C)CC,alkane,False,417.15
344,4-Methyloctane,CCCCC(C)CCC,alkane,False,415.15
345,"Hexa-1,3,5-triene",C=CC=CC=C,alkene/alkyne,False,355.35
346,3-Methyl-2-hexanol,CCCC(C)C(C)O,alcohol/phenol,False,426.15
347,"2,2-Dimethyl-1-hexanol",CCCCC(C)(C)CO,alcohol/phenol,False,445.56825
348,4-Decyne,CCCCCC#CCCC,alkene/alkyne,False,437.4
349,"1,6-Heptadiene",C=CCCCC=C,alkene/alkyne,False,362.15
350,"1,8-Nonadiyne",C#CCCCCCC#C,alkene/alkyne,False,438.15
351,Isononyl alcohol,CC(C)CCCCCCO,alcohol/phenol,False,479.15
352,Dihydromyrcene,CC(CCC=C(C)C)C=C,alkene/alkyne,False,439.15
353,1-Tridecene,CCCCCCCCCCCC=C,alkene/alkyne,False,505.95
354,3-Methoxy-1-butanol,CC(CCO)OC,alcohol/phenol,False,432.15
355,Pentadecylamine,CCCCCCCCCCCCCCCN,amine,False,585.15
356,Hexaethylene glycol,C(COCCOCCOCCOCCOCCO)O,alcohol/phenol,True,490.15
357,2-Methyl-2-hexene,CCCC=C(C)C,alkene/alkyne,False,368.15
358,"1,12-Dodecanediamine",C(CCCCCCN)CCCCCN,amine,True,572.15
359,2-Octyne,CCCCCC#CC,alkene/alkyne,False,411.15
360,4-Methyldecane,CCCCCCC(C)CCC,alkane,False,461.15
361,3-Methylpentadecane,CCCCCCCCCCCCC(C)CC,alkane,False,539.5
362,"2,5-Hexanediol",CC(CCC(C)O)O,alcohol/phenol,True,502.15
363,Didodecylamine,CCCCCCCCCCCCNCCCCCCCCCCCC,amine,True,453.15
364,"1,1,4,7,7-Pentamethyldiethylenetriamine",CN(C)CCN(C)CCN(C)C,amine,False,471.15
365,"3-Hexyne-2,5-diol",CC(C#CC(C)O)O,alcohol/phenol,True,529.36
366,4-Ethyl-2-methylhexane,CCC(CC)CC(C)C,alkane,False,407.15
367,3-Ethyl-3-methylhexane,CCCC(C)(CC)CC,alkane,False,413.15
368,3-Ethyl-4-methylhexane,CCC(C)C(CC)CC,alkane,False,413.15
369,"4,4-Dimethyl-1-pentanol",CC(C)(C)CCCO,alcohol/phenol,False,433.15
370,1-Tricosanol,CCCCCCCCCCCCCCCCCCCCCCCO,alcohol/phenol,True,664.0
371,2-Methyloctane,CCCCCCC(C)C,alkane,False,416.15
372,3-Methyl-1-hexene,CCCC(C)C=C,alkene/alkyne,False,357.15
373,"2-Ethyl-1,3-butadiene",CCC(=C)C=C,alkene/alkyne,False,346.15
374,"2,3-Dimethyl-1-pentene",CCC(C)C(=C)C,alkene/alkyne,False,357.15
375,"3,3-Dimethyl-1-pentene",CCC(C)(C)C=C,alkene/alkyne,False,350.15
376,N-Methyldibutylamine,CCCCN(C)CCCC,amine,False,432.15
377,1-Eicosene,CCCCCCCCCCCCCCCCCCC=C,alkene/alkyne,True,614.15
378,1-Nonyne,CCCCCCCC#C,alkene/alkyne,False,423.95
379,"3,5,5-Trimethyl-1-hexanol",CC(CCO)CC(C)(C)C,alcohol/phenol,False,466.15
380,"2,2,5-Trimethylhexane",CC(C)CCC(C)(C)C,alkane,False,397.15
381,"1,7-Octadiene",C=CCCCCC=C,alkene/alkyne,False,390.25
382,"2,5-Dimethyl-2-hexanol",CC(C)CCC(C)(C)O,alcohol/phenol,False,427.65
383,4-Methyl-1-hexene,CCC(C)CC=C,alkene/alkyne,False,360.15
384,2-Butyl-1-octanol,CCCCCCC(CCCC)CO,alcohol/phenol,False,521.15
385,1-Isopropoxy-2-propanol,CC(C)OCC(C)O,alcohol/phenol,False,410.65
386,"2,2-Dimethyl-3-pentanol",CCC(C(C)(C)C)O,alcohol/phenol,False,409.15
387,"2,3,6-Trimethylheptane",CC(C)CCC(C)C(C)C,alkane,False,413.06493
388,3-Ethyl-1-pentene,CCC(CC)C=C,alkene/alkyne,False,357.15
389,"2-Methyl-1,5-hexadiene",CC(=C)CCC=C,alkene/alkyne,False,361.15
390,2-Hexene,CCCC=CC,alkene/alkyne,False,341.0
391,"2,6-Dimethyl-2-octene",CCC(C)CCC=C(C)C,alkene/alkyne,False,436.15
392,Pentaethylenehexamine,C(CNCCNCCNCCNCCN)N,amine,True,653.15
393,But-2-en-1-ol,CC=CCO,alcohol/phenol,False,392.65
394,2-Octanol,CCCCCCC(C)O,alcohol/phenol,False,451.65
395,Tetracontane,CCCCCCCCCCCCCCCCCCCCCCCCCCCCCCCCCCCCCCCC,alkane,True,795.15
396,"2,2,4,4,6,8,8-Heptamethylnonane",CC(CC(C)(C)C)CC(C)(C)CC(C)(C)C,alkane,False,519.15
397,"1,2,3-Butanetriol",CC(C(CO)O)O,alcohol/phenol,True,443.15
398,Diethylbutylamine,CCCCN(CC)CC,amine,False,409.15
399,"3-Methyl-1,5-pentanediol",CC(CCO)CCO,alcohol/phenol,True,521.55
400,6-Methylhept-5-en-2-ol,CC(CCC=C(C)C)O,alcohol/phenol,False,459.15
401,2-Methylbut-2-en-1-ol,CC=C(C)CO,alcohol/phenol,False,410.15
402,2-Tetradecanol,CCCCCCCCCCCCC(C)O,alcohol/phenol,False,557.15
403,4-Methyl-1-penten-3-OL,CC(C)C(C=C)O,alcohol/phenol,False,398.15
404,3-Methyl-1-heptene,CCCCC(C)C=C,alkene/alkyne,False,384.15
405,"2,3-Dimethyl-2-pentanol",CCC(C)C(C)(C)O,alcohol/phenol,False,402.9
406,1-Hepten-3-OL,CCCCC(C=C)O,alcohol/phenol,False,426.9
407,6-Methyl-1-heptene,CC(C)CCCC=C,alkene/alkyne,False,386.15
408,1-Butoxy-2-propanol,CCCCOCC(C)O,alcohol/phenol,False,445.15
409,3-Methyl-3-octanol,CCCCCC(C)(CC)O,alcohol/phenol,False,462.15
410,"1,11-Dodecadiene",C=CCCCCCCCCC=C,alkene/alkyne,False,481.65
411,3-Methylnonane,CCCCCCC(C)CC,alkane,False,441.15
412,4-Nonanol,CCCCCC(CCC)O,alcohol/phenol,False,465.65
413,2-Pentanol,CCCC(C)O,alcohol/phenol,False,392.25
414,2-Methyl-1-hexene,CCCCC(=C)C,alkene/alkyne,False,365.15
415,3-Ethyl-1-pentyn-3-ol,CCC(CC)(C#C)O,alcohol/phenol,False,411.15
416,"2,4-Dimethyl-1-pentanol",CC(C)CC(C)CO,alcohol/phenol,False,431.0
417,1-Heptadecene,CCCCCCCCCCCCCCCC=C,alkene/alkyne,True,574.15
418,"3,4-Diethyl-3,4-hexanediol",CCC(CC)(C(CC)(CC)O)O,alcohol/phenol,True,503.15
419,2-Methyldecane,CCCCCCCCC(C)C,alkane,False,462.35
420,2-Methylundecane,CCCCCCCCCC(C)C,alkane,False,484.15
421,Tetratetracontane,CCCCCCCCCCCCCCCCCCCCCCCCCCCCCCCCCCCCCCCCCCCC,alkane,True,821.15
422,"2,3-Dimethyl-2-hexene",CCCC(=C(C)C)C,alkene/alkyne,False,395.15
423,"2,3-Dimethyloctane",CCCCCC(C)C(C)C,alkane,False,437.15
424,"3,3,5-Trimethylheptane",CCC(C)CC(C)(C)CC,alkane,False,430.15
425,Heptatriacontane,CCCCCCCCCCCCCCCCCCCCCCCCCCCCCCCCCCCCC,alkane,True,778.15
426,"3,4,4-Trimethyl-3-pentanol",CCC(C)(C(C)(C)C)O,alcohol/phenol,False,426.41115
427,"3,4-Dimethyl-1-pentene",CC(C)C(C)C=C,alkene/alkyne,False,355.15
428,5-Decene,CCCCC=CCCCC,alkene/alkyne,False,442.75
429,Sec-butylamine,CCC(C)N,amine,False,336.15
430,"2,3-Dimethyl-1-pentanol",CCC(C)C(C)CO,alcohol/phenol,False,437.15
431,2-Dodecanol,CCCCCCCCCCC(C)O,alcohol/phenol,False,522.15
432,Tetradec-7-ene,CCCCCCC=CCCCCCC,alkene/alkyne,False,524.08
433,"2,3-Dimethyl-2-pentene",CCC(=C(C)C)C,alkene/alkyne,False,369.15
434,3-Methyl-1-hexanol,CCCC(C)CCO,alcohol/phenol,False,445.35
435,1-Pentadecene,CCCCCCCCCCCCCC=C,alkene/alkyne,False,541.55
436,5-Ethyl-2-methylheptane,CCC(CC)CCC(C)C,alkane,False,432.86
437,"2,2,3,3-Tetramethylhexane",CCCC(C)(C)C(C)(C)C,alkane,False,433.15
438,"2,2,4,6,6-Pentamethylheptane",CC(CC(C)(C)C)CC(C)(C)C,alkane,False,451.15
439,"2,3-Dimethylheptane",CCCCC(C)C(C)C,alkane,False,413.75
440,Tetratriacontane,CCCCCCCCCCCCCCCCCCCCCCCCCCCCCCCCCC,alkane,True,756.15
441,"2,2,4-Trimethylheptane",CCCC(C)CC(C)(C)C,alkane,False,421.45
442,4-Methyl-3-heptanol,CCCC(C)C(CC)O,alcohol/phenol,False,430.15
443,5-Methylnonane,CCCCC(C)CCCC,alkane,False,437.15
444,2-Methyl-1-heptene,CCCCCC(=C)C,alkene/alkyne,False,392.15
445,"4,5-Dimethyl-1-hexene",CC(C)C(C)CC=C,alkene/alkyne,False,382.15
446,"2,2,3-Trimethylhexane",CCCC(C)C(C)(C)C,alkane,False,407.15
447,"2,2,4-Trimethylhexane",CCC(C)CC(C)(C)C,alkane,False,400.15
448,"2,3,3-Trimethylhexane",CCCC(C)(C)C(C)C,alkane,False,410.15
449,"2,4,4-Trimethylhexane",CCC(C)(C)CC(C)C,alkane,False,403.75
450,"3,3,4-Trimethylhexane",CCC(C)C(C)(C)CC,alkane,False,412.15
451,"3-Ethyl-2,2-dimethylpentane",CCC(CC)C(C)(C)C,alkane,False,407.15
452,"3-Ethyl-2,3-dimethylpentane",CCC(C)(CC)C(C)C,alkane,False,415.15
453,"2,3,3,4-Tetramethylpentane",CC(C)C(C)(C)C(C)C,alkane,False,414.65
454,"2,2,4,5-Tetramethylhexane",CC(C)C(C)CC(C)(C)C,alkane,False,421.05
455,"2,5-Dimethylundecane",CCCCCCC(C)CCC(C)C,alkane,False,488.15
456,4-Methylnonane,CCCCCC(C)CCC,alkane,False,439.15
457,"2,5-Dimethylnonane",CCCCC(C)CCC(C)C,alkane,False,452.15
458,"2,6-Dimethylnonane",CCCC(C)CCCC(C)C,alkane,False,452.15
459,"3,7-Dimethylnonane",CCC(C)CCCC(C)CC,alkane,False,457.15
460,"2,2-Dimethyldecane",CCCCCCCCC(C)(C)C,alkane,False,474.15
461,"3,7-Dimethyldecane",CCCC(C)CCCC(C)CC,alkane,False,475.15
462,3-Methyldodecane,CCCCCCCCCC(C)CC,alkane,False,503.45
463,"2,4-Dimethylundecane",CCCCCCCC(C)CC(C)C,alkane,False,489.15
464,1-Nonadecene,CCCCCCCCCCCCCCCCCC=C,alkene/alkyne,True,604.15
465,1-Hexacosene,CCCCCCCCCCCCCCCCCCCCCCCCC=C,alkene/alkyne,True,684.15
466,2-Ethoxy-1-propanol,CCOC(C)CO,alcohol/phenol,False,413.65
467,"2,6-Dimethyl-3-heptanol",CC(C)CCC(C(C)C)O,alcohol/phenol,False,448.15
468,"3,5-Dimethyl-4-heptanol",CCC(C)C(C(C)CC)O,alcohol/phenol,False,452.15
469,"2,3-Dimethylbutan-1-ol",CC(C)C(C)CO,alcohol/phenol,False,415.0
470,Di-tert-butylamine,CC(C)(C)NC(C)(C)C,amine,False,366.65
471,Myrcene,CC(=CCCC(=C)C=C)C,alkene/alkyne,False,444.15
472,"2,2,4-Trimethyl-1-pentanol",CC(C)CC(C)(C)CO,alcohol/phenol,False,438.76616
473,Isoamyl alcohol,CC(C)CCO,alcohol/phenol,False,403.95
474,Diallylamine,C=CCNCC=C,amine,False,385.15
475,1-Nonene,CCCCCCCC=C,alkene/alkyne,False,420.05
476,1-(2-Butoxyethoxy)-2-propanol,CCCCOCCOCC(C)O,alcohol/phenol,False,507.15
477,Neopentyl glycol,CC(C)(CO)CO,alcohol/phenol,True,480.15
478,"2,4,7,9-Tetramethyl-5-decyne-4,7-diol",CC(C)CC(C)(C#CC(C)(CC(C)C)O)O,alcohol/phenol,True,528.15
479,"5,5-Dimethyl-3-heptyne",CCC#CC(C)(C)CC,alkene/alkyne,False,411.29
480,6-Undecanol,CCCCCC(CCCCC)O,alcohol/phenol,False,501.15
481,"4-Methylhepta-1,6-dien-4-ol",CC(CC=C)(CC=C)O,alcohol/phenol,False,431.55
482,trans-2-Decene,CCCCCCCC=CC,alkene/alkyne,False,446.55
483,2-Tridecene,CCCCCCCCCCC=CC,alkene/alkyne,False,501.2
484,Oct-3-ene,CCCCC=CCC,alkene/alkyne,False,396.15
485,"2,5-Dimethyl-1-hexene",CC(C)CCC(=C)C,alkene/alkyne,False,384.75
486,2-Hexyne,CCCC#CC,alkene/alkyne,False,357.45
487,2-Tetradecene,CCCCCCCCCCCC=CC,alkene/alkyne,False,513.15
488,2-Nonene,CCCCCCC=CC,alkene/alkyne,False,420.15
489,3-Heptanamine,CCCCC(CC)N,amine,False,414.15
490,3-Methyl-2-heptanol,CCCCC(C)C(C)O,alcohol/phenol,False,439.15
491,Hept-2-en-1-ol,CCCCC=CCO,alcohol/phenol,False,456.1
492,N-Methylhexylamine,CCCCCCNC,amine,False,400.15
493,"1,10-Decanediol",C(CCCCCO)CCCCO,alcohol/phenol,True,574.0
494,"1,3-Hexadiene",CC/C=C/C=C,alkene/alkyne,False,337.72
495,Tridecylamine,CCCCCCCCCCCCCN,amine,False,546.15
496,1-Methoxy-2-butanol,CCC(COC)O,alcohol/phenol,False,407.15
497,5-Methyl-2-heptanol,CCC(C)CCC(C)O,alcohol/phenol,False,445.15
498,5-Hexen-2-OL,CC(CCC=C)O,alcohol/phenol,False,412.15
499,"2,2,3-Trimethylnonane",CCCCCCC(C)C(C)(C)C,alkane,False,473.15
500,"3,6-Nonadien-1-ol",CCC=CCC=CCCO,alcohol/phenol,False,506.02
501,2-Heptadecanol,CCCCCCCCCCCCCCCC(C)O,alcohol/phenol,True,601.15
502,2-Methylhexan-1-ol,CCCCC(C)CO,alcohol/phenol,False,441.65
503,"2,3,7-Trimethyloctane",CC(C)CCCC(C)C(C)C,alkane,False,452.15
504,3-Ethylheptane,CCCCC(CC)CC,alkane,False,416.25
505,"N,N-Diethylethylenediamine",CCN(CC)CCN,amine,False,417.15
506,3-(Diethylamino)propylamine,CCN(CC)CCCN,amine,False,438.15
507,tert-Octylamine,CC(C)(C)CC(C)(C)N,amine,False,413.19803
508,"3,5-Dimethyl-1-hexyn-3-ol",CC(C)CC(C)(C#C)O,alcohol/phenol,False,421.15
509,"2-Butyl-2-ethyl-1,3-propanediol",CCCCC(CC)(CO)CO,alcohol/phenol,True,542.15
510,"2,6,8-Trimethyl-4-nonanol",CC(C)CC(C)CC(CC(C)C)O,alcohol/phenol,False,498.55
511,"2-Methyl-1,3-pentanediol",CCC(C(C)CO)O,alcohol/phenol,True,487.65
512,"2,3,4-Trimethylpent-1-ene",CC(C)C(C)C(=C)C,alkene/alkyne,False,380.65
513,"1,3-Butanediamine",CC(CCN)N,amine,True,413.15
514,3-Methoxy-3-methylbutan-1-ol,CC(C)(CCO)OC,alcohol/phenol,False,448.15
515,"1,3-Pentadiene",C/C=C/C=C,alkene/alkyne,False,315.0
516,2-Butene,C/C=C/C,alkene/alkyne,False,274.03
517,Trihexylamine,CCCCCCN(CCCCCC)CCCCCC,amine,True,534.85
518,"N,N,N'-Triethylethylenediamine",CCNCCN(CC)CC,amine,False,327.65
519,"N,N-Dimethylethylenediamine",CN(C)CCN,amine,False,377.15
520,"N,N,N',N'-Tetramethyl-1,4-butanediamine",CN(C)CCCCN(C)C,amine,False,441.15
521,Tetramethylallene,CC(=C=C(C)C)C,alkane,False,356.15
522,3-Hexyn-1-ol,CCC#CCCO,alcohol/phenol,False,435.15
523,"2,2,7,7-Tetramethyloctane",CC(C)(C)CCCCC(C)(C)C,alkane,False,459.00627
524,"2-Ethyl-2-methyl-1,3-propanediol",CCC(C)(CO)CO,alcohol/phenol,True,498.95
525,"3-Methyl-1,4-pentadiene",CC(C=C)C=C,alkene/alkyne,False,325.15
526,"2-Methyl-2-propylpropane-1,3-diol",CCCC(C)(CO)CO,alcohol/phenol,True,507.15
527,3-Pentyn-1-ol,CC#CCCO,alcohol/phenol,False,427.15
528,3-Methyl-3-buten-2-ol,CC(C(=C)C)O,alcohol/phenol,False,387.15
529,"N,N,N',N'-Tetraethylethylenediamine",CCN(CC)CCN(CC)CC,amine,False,465.15
530,"2-Methylpropane-1,2-diol",CC(C)(CO)O,alcohol/phenol,True,450.15
531,Trimethylborane,B(C)(C)C,other,False,252.95
532,3-Ethyl-3-hexanol,CCCC(CC)(CC)O,alcohol/phenol,False,433.15
533,4-Ethyl-4-heptanol,CCCC(CC)(CCC)O,alcohol/phenol,False,452.15
534,3-Buten-1-ol,C=CCCO,alcohol/phenol,False,385.15
535,N-Allylmethylamine,CNCC=C,amine,False,337.15
536,"1,5-Hexadiyne",C#CCCC#C,alkene/alkyne,False,361.15
537,"1,8-Octanediol",C(CCCCO)CCCO,alcohol/phenol,True,418.15
538,1-Octadecyne,CCCCCCCCCCCCCCCCC#C,alkene/alkyne,True,586.15
539,Triisopentylamine,CC(C)CCN(CCC(C)C)CCC(C)C,amine,False,508.15
540,"2,2-Dimethylhex-3-ene",CCC=CC(C)(C)C,alkene/alkyne,False,374.05
541,2-Methylhept-3-ene,CCCC=CC(C)C,alkene/alkyne,False,387.13
542,"5-Methyl-1,4-hexadiene",CC(=CCC=C)C,alkene/alkyne,False,364.98821
543,Cis-3-Penten-1-ol,CC=CCCO,alcohol/phenol,False,413.65
544,Hex-2-yn-1-ol,CCCC#CCO,alcohol/phenol,False,438.06
545,1-Dodecyne,CCCCCCCCCCC#C,alkene/alkyne,False,488.15
546,1-Tetradecyne,CCCCCCCCCCCCC#C,alkene/alkyne,False,525.15
547,1-Pentadecyne,CCCCCCCCCCCCCC#C,alkene/alkyne,False,553.15
548,5-Hexen-1-ol,C=CCCCCO,alcohol/phenol,False,428.9
549,"1,7-Octadiyne",C#CCCCCC#C,alkene/alkyne,False,408.65
550,"N,N-Dimethyl-2-butanamine",CCC(C)N(C)C,amine,False,366.4
551,"1,4-Pentadien-3-ol",C=CC(C=C)O,alcohol/phenol,False,388.65
552,"N,N-Dimethylisopropylamine",CC(C)N(C)C,amine,False,339.15
553,"N,N-Dimethyldecylamine",CCCCCCCCCCN(C)C,amine,False,507.15
554,3-Methoxy-1-propanol,COCCCO,alcohol/phenol,False,339.15
555,1-Docosene,CCCCCCCCCCCCCCCCCCCCC=C,alkene/alkyne,True,640.15
556,3-Ethyloctan-3-ol,CCCCCC(CC)(CC)O,alcohol/phenol,False,472.15
557,"N,N-Dimethylallylamine",CN(C)CC=C,amine,False,335.15
558,"2-Methyl-1,3-propanediol",CC(CO)CO,alcohol/phenol,True,494.15
559,1-Undecyne,CCCCCCCCCC#C,alkene/alkyne,False,469.15
560,2-Decyne,CCCCCCCC#CC,alkene/alkyne,False,457.75
561,Butylallene,CCCCC=C=C,alkane,False,378.65
562,Triheptylamine,CCCCCCCN(CCCCCCC)CCCCCCC,amine,True,603.15
563,n-Methyloctan-1-amine,CCCCCCCCNC,amine,False,351.65
564,N-Methyloctadecylamine,CCCCCCCCCCCCCCCCCCNC,amine,True,620.15
565,Diheptylamine,CCCCCCCNCCCCCCC,amine,False,539.15
566,2-Butylhexanol,CCCCC(CCCC)CO,alcohol/phenol,False,491.65
567,"2,6-Dimethyl-1-heptene",CC(C)CCCC(=C)C,alkene/alkyne,False,415.0
568,5-Methyl-1-hexene,CC(C)CCC=C,alkene/alkyne,False,358.15
569,"1,2-Heptanediol",CCCCCC(CO)O,alcohol/phenol,True,363.15
570,"2,4,4-Trimethylheptane",CCCC(C)(C)CC(C)C,alkane,False,422.7
571,"2,4-Dimethylpentan-3-amine",CC(C)C(C(C)C)N,amine,False,399.15
572,Tris(2-aminoethyl)amine,C(CN(CCN)CCN)N,amine,True,370.65
573,Diethyl(1-propynyl)amine,CCN(CC)C#CC,amine,False,381.2
574,N-Methyldioctylamine,CCCCCCCCN(C)CCCCCCCC,amine,True,410.15
575,Diethyl(propyl)amine,CCCN(CC)CC,amine,False,385.2
576,2-Methyl-1-octene,CCCCCCC(=C)C,alkene/alkyne,False,417.15
577,N-Methylisopropylamine,CC(C)NC,amine,False,326.45
578,"1,8-Nonadiene",C=CCCCCCC=C,alkene/alkyne,False,414.15
579,"1,2-Decanediol",CCCCCCCCC(CO)O,alcohol/phenol,True,528.2
580,4-Pentyn-1-ol,C#CCCCO,alcohol/phenol,False,423.15
581,"3,6,9,12,15,18-Hexaoxaicosane-1,20-diol",C(COCCOCCOCCOCCOCCOCCO)O,alcohol/phenol,True,515.65
582,"N,N-Diethylallylamine",CCN(CC)CC=C,amine,False,383.15
583,Neopentylamine,CC(C)(C)CN,amine,False,355.15
584,3-Ethyloctane,CCCCCC(CC)CC,alkane,False,438.15
585,1-Nonadecanol,CCCCCCCCCCCCCCCCCCCO,alcohol/phenol,True,618.15
586,2-Pentyn-1-ol,CCC#CCO,alcohol/phenol,False,423.15
587,Tris(2-methylallyl)amine,CC(=C)CN(CC(=C)C)CC(=C)C,amine,False,357.15
588,"N,N-Dimethylisobutylamine",CC(C)CN(C)C,amine,False,353.15
589,Undecylamine,CCCCCCCCCCCN,amine,False,502.15
590,2-Ethyl-3-methylbut-1-ene,CCC(=C)C(C)C,alkene/alkyne,False,359.45
591,"3-Methylpenta-1,2-diene",CCC(=C=C)C,alkane,False,343.15
592,N-tert-Butylisopropylamine,CC(C)NC(C)(C)C,amine,False,371.15
593,1-Tetracosene,CCCCCCCCCCCCCCCCCCCCCCC=C,alkene/alkyne,True,663.15
594,"2,6-Dimethyl-2-heptanol",CC(C)CCCC(C)(C)O,alcohol/phenol,False,443.15
595,N-Methylhexadecylamine,CCCCCCCCCCCCCCCCNC,amine,True,594.15
596,(R)-(-)-2-Butanol,CC[C@@H](C)O,alcohol/phenol,False,372.4
597,3-Octyn-1-ol,CCCCC#CCCO,alcohol/phenol,False,370.15
598,3-Octyne,CCCCC#CCC,alkene/alkyne,False,408.75
599,"2,2-Dimethyloctane",CCCCCCC(C)(C)C,alkane,False,427.15
600,2-Hexadecanol,CCCCCCCCCCCCCCC(C)O,alcohol/phenol,False,587.15
601,4-Ethyloctane,CCCCC(CC)CCC,alkane,False,436.15
602,"3,4-Dimethyloctane",CCCCC(C)C(C)CC,alkane,False,435.15
603,"3,6-Dimethyloctane",CCC(C)CCC(C)CC,alkane,False,433.95
604,"2,3-Dimethylhex-1-ene",CCCC(C)C(=C)C,alkene/alkyne,False,384.15
605,3-Ethyl-2-methylhexane,CCCC(CC)C(C)C,alkane,False,411.15
606,"4,5-Dimethylnonane",CCCCC(C)C(C)CCC,alkane,False,455.15
607,"2,3-Dimethyldecane",CCCCCCCC(C)C(C)C,alkane,False,479.15
608,3-Methyltetradecane,CCCCCCCCCCCC(C)CC,alkane,False,539.45
609,2-Methylheptan-3-ol,CCCCC(C(C)C)O,alcohol/phenol,False,426.65
610,5-Methyl-3-heptanol,CCC(C)CC(CC)O,alcohol/phenol,False,427.15
611,6-Methylheptan-3-ol,CCC(CCC(C)C)O,alcohol/phenol,False,438.65
612,2-Ethyl-2-methylbutan-1-ol,CCC(C)(CC)CO,alcohol/phenol,False,429.23605
613,1-Triacontene,CCCCCCCCCCCCCCCCCCCCCCCCCCCCC=C,alkene/alkyne,True,721.15
614,1-Dotriacontene,CCCCCCCCCCCCCCCCCCCCCCCCCCCCCCC=C,alkene/alkyne,True,738.15
615,2-Methyl-1-undecene,CCCCCCCCCC(=C)C,alkene/alkyne,False,484.75
616,1-Octacosene,CCCCCCCCCCCCCCCCCCCCCCCCCCC=C,alkene/alkyne,True,703.15
617,N-Ethylisopropylamine,CCNC(C)C,amine,False,341.15
618,3-Nonene,CCCCCC=CCC,alkene/alkyne,False,420.65
619,N-Ethylpropylamine,CCCNCC,amine,False,358.15
620,N-Isopropylpropylamine,CCCNC(C)C,amine,False,369.35
621,"4,7-Dimethyloctan-4-ol",CCCC(C)(CCC(C)C)O,alcohol/phenol,False,465.15
622,4-Heptyn-2-ol,CCC#CCC(C)O,alcohol/phenol,False,460.5
623,"2,4,5-Trimethylheptane",CCC(C)C(C)CC(C)C,alkane,False,429.66
624,"3,4,5-Trimethylheptane",CCC(C)C(C)C(C)CC,alkane,False,435.65
625,1-Nonen-3-ol,CCCCCCC(C=C)O,alcohol/phenol,False,466.65
626,"2,5,8,11-Tetraoxatridecan-13-ol",COCCOCCOCCOCCO,alcohol/phenol,True,557.0
627,3-Methyldecane,CCCCCCCC(C)CC,alkane,False,465.15
628,1-Tert-butoxy-2-propanol,CC(COC(C)(C)C)O,alcohol/phenol,False,417.15
629,"2,2,3,3-Tetramethylpentane",CCC(C)(C)C(C)(C)C,alkane,False,413.35
630,"3-Methoxy-1,2-propanediol",COCC(CO)O,alcohol/phenol,True,493.15
631,"2,4-Dimethyloctane",CCCCC(C)CC(C)C,alkane,False,427.15
632,"3,5,5-Trimethyl-1-hexene",CC(CC(C)(C)C)C=C,alkene/alkyne,False,392.6
633,"1,2-Pentanediol",CCCC(CO)O,alcohol/phenol,True,483.65
634,3-Methylhexadecane,CCCCCCCCCCCCCC(C)CC,alkane,False,571.15
635,5-Methyldecane,CCCCCC(C)CCCC,alkane,False,459.15
636,N-Heptylmethylamine,CCCCCCCNC,amine,False,441.15
637,"2,3,4-Trimethylheptane",CCCC(C)C(C)C(C)C,alkane,False,429.0
638,5-Methylundecane,CCCCCCC(C)CCCC,alkane,False,479.15
639,4-Nonene,CCCCC=CCCC,alkene/alkyne,False,418.15
640,2-Methyl-3-buten-1-ol,CC(CO)C=C,alcohol/phenol,False,393.65
641,3-Methylheptadecane,CCCCCCCCCCCCCCC(C)CC,alkane,True,586.15
642,3-Methylnonadecane,CCCCCCCCCCCCCCCCC(C)CC,alkane,True,613.15
643,"1,2-Hexanediol",CCCCC(CO)O,alcohol/phenol,True,507.15
644,"2,4,4-Trimethyl-2-pentanol",CC(C)(C)CC(C)(C)O,alcohol/phenol,False,419.15
645,"2,4-Hexadiyne-1,6-diol",C(C#CC#CCO)O,alcohol/phenol,True,539.24
646,"2,2,3-Trimethylhexan-3-ol",CCCC(C)(C(C)(C)C)O,alcohol/phenol,False,443.15
647,"2-Methylbutane-2,3-diol",CC(C(C)(C)O)O,alcohol/phenol,True,448.15
648,"3,4-Dimethyl-1-pentyn-3-ol",CC(C)C(C)(C#C)O,alcohol/phenol,False,406.15
649,N-Methylpropargylamine,CNCC#C,amine,False,356.15
650,Tetrahydrolavandulol,CC(C)CCC(CO)C(C)C,alcohol/phenol,False,484.15
651,"3-Methylpentane-2,4-diol",CC(C(C)O)C(C)O,alcohol/phenol,True,484.65
652,6-Methyl-2-heptanol,CC(C)CCCC(C)O,alcohol/phenol,False,446.15
653,2-Pentadecanol,CCCCCCCCCCCCCC(C)O,alcohol/phenol,False,572.15
654,7-Ethyl-2-methyl-4-undecanol,CCCCC(CC)CCC(CC(C)C)O,alcohol/phenol,False,534.65
655,"2,4-Dimethyl-3-hexanol",CCC(C)C(C(C)C)O,alcohol/phenol,False,433.76714
656,"2,2-Dimethyl-3-hexanol",CCCC(C(C)(C)C)O,alcohol/phenol,False,429.15
657,"3,5-Dimethyl-3-hexanol",CCC(C)(CC(C)C)O,alcohol/phenol,False,424.15
658,2-Methyl-3-octanol,CCCCCC(C(C)C)O,alcohol/phenol,False,454.65
659,5-Undecanol,CCCCCCC(CCCC)O,alcohol/phenol,False,502.15
660,5-Decanol,CCCCCC(CCCC)O,alcohol/phenol,False,489.15
661,"3,3-Dimethyl-1,2-butanediol",CC(C)(C)C(CO)O,alcohol/phenol,True,478.65
662,"Octa-1,3,7-triene",C=CCCC=CC=C,alkene/alkyne,False,393.15
663,"3,4-Hexanediol",CCC(C(CC)O)O,alcohol/phenol,True,506.65
664,3-Methyl-4-heptanol,CCCC(C(C)CC)O,alcohol/phenol,False,438.15
665,4-Methyl-4-penten-2-ol,CC(CC(=C)C)O,alcohol/phenol,False,402.15
666,3-Ethylhex-1-ene,CCCC(CC)C=C,alkene/alkyne,False,383.45
667,3-Methylhexylamine,CCCC(C)CCN,amine,False,422.15
668,"3,7-Dimethylocta-1,5,7-trien-3-ol",CC(=C)C=CCC(C)(C=C)O,alcohol/phenol,False,514.75
669,4-Methyl-2-propylpentan-1-ol,CCCC(CC(C)C)CO,alcohol/phenol,False,465.4
670,4-Methyl-1-heptanol,CCCC(C)CCCO,alcohol/phenol,False,457.15
671,"4,4-Dimethyl-2-pentanol",CC(CC(C)(C)C)O,alcohol/phenol,False,410.4
672,3-Methyltridecane,CCCCCCCCCCC(C)CC,alkane,False,521.85
673,3-Methyloctadecane,CCCCCCCCCCCCCCCC(C)CC,alkane,True,600.15
674,"3,4-Dimethyl-1-pentanol",CC(C)C(C)CCO,alcohol/phenol,False,438.0
675,n-Methylbutan-2-amine,CCC(C)NC,amine,False,375.65
676,"2,3,6-Trimethyloctane",CCC(C)CCC(C)C(C)C,alkane,False,453.15
677,"2,2,4,4,6-Pentamethylheptane",CC(C)CC(C)(C)CC(C)(C)C,alkane,False,460.65
678,9-Dodecyn-1-ol,CCC#CCCCCCCCCO,alcohol/phenol,False,575.34
679,N-Methylpentylamine,CCCCCNC,amine,False,390.15
680,1-Tridecyne,CCCCCCCCCCCC#C,alkene/alkyne,False,507.15
681,(2H4)Methane,[2H]C([2H])([2H])[2H],other,False,112.15
682,Dotetracontane,CCCCCCCCCCCCCCCCCCCCCCCCCCCCCCCCCCCCCCCCCC,alkane,True,810.15
683,Non-3-yn-1-ol,CCCCCC#CCCO,alcohol/phenol,False,376.4
684,Ethynol,C#CO,alcohol/phenol,False,327.66
685,Butylisopropylamine,CCCCNC(C)C,amine,False,397.65
686,2-Methyl-3-pentyn-2-ol,CC#CC(C)(C)O,alcohol/phenol,False,434.83
687,"2,3-Pentadiene",CC=C=CC,alkane,False,321.35
688,"1,2-Hexadiene",CCCC=C=C,alkane,False,349.15
689,"2,3-Hexadiene",CCC=C=CC,alkane,False,341.15
690,3-Ethyl-2-methyl-3-pentanol,CCC(CC)(C(C)C)O,alcohol/phenol,False,433.15
691,4-Methyl-4-heptanol,CCCC(C)(CCC)O,alcohol/phenol,False,439.15
692,2-Methyl-4-penten-2-ol,CC(C)(CC=C)O,alcohol/phenol,False,392.7
693,"Hepta-2,4-diene",CCC=CC=CC,alkene/alkyne,False,368.08
694,2-Dodecyne,CCCCCCCCCC#CC,alkene/alkyne,False,499.15
695,2-Tetradecyne,CCCCCCCCCCCC#CC,alkene/alkyne,False,536.15
696,Undec-4-ene,CCCCCCC=CCCC,alkene/alkyne,False,455.44
697,4-Methyl-3-penten-1-ol,CC(=CCCO)C,alcohol/phenol,False,430.65
698,"2,6-Octadiyne",CC#CCCC#CC,alkene/alkyne,False,400.64
699,5-Undecene,CCCCCC=CCCCC,alkene/alkyne,False,465.45
700,"3,4-Diethyl-3-hexene",CCC(=C(CC)CC)CC,alkene/alkyne,False,431.4
701,3-Methyl-1-pentyne,CCC(C)C#C,alkene/alkyne,False,330.02093
702,"4,4-Dimethyl-2-pentyne",CC#CC(C)(C)C,alkene/alkyne,False,356.15
703,"4,4-Dimethylheptane",CCCC(C)(C)CCC,alkane,False,407.15
704,"2,4,6-Octatriyne",CC#CC#CC#CC,alkene/alkyne,False,409.64
705,"3-Methyl-1,5-hexadiene",CC(CC=C)C=C,alkene/alkyne,False,353.21985
706,2-Methylnonadecane,CCCCCCCCCCCCCCCCCC(C)C,alkane,True,612.15
707,"4,4-Dimethyl-1-hexene",CCC(C)(C)CC=C,alkene/alkyne,False,380.35
708,"2,3-Dimethyl-2-hexanol",CCCC(C)C(C)(C)O,alcohol/phenol,False,424.15
709,Trinonylamine,CCCCCCCCCN(CCCCCCCCC)CCCCCCCCC,amine,True,671.15
710,4-Propyl-4-heptanol,CCCC(CCC)(CCC)O,alcohol/phenol,False,467.14283
711,5-Methyl-1-hexyne,CC(C)CCC#C,alkene/alkyne,False,364.15
712,5-Undecyne,CCCCCC#CCCCC,alkene/alkyne,False,471.09534
713,"2,4,6-Trimethylheptane",CC(C)CC(C)CC(C)C,alkane,False,419.6563
714,"2,4-Hexadiyne",CC#CC#CC,alkene/alkyne,False,402.65
715,2-Methyl-1-nonene,CCCCCCCC(=C)C,alkene/alkyne,False,440.15
716,"1,3,5-Hexatriyne",C#CC#CC#C,alkene/alkyne,False,353.39
717,4-Propylheptane,CCCC(CCC)CCC,alkane,False,440.15
718,"3,3-Dimethyl-1-hexene",CCCC(C)(C)C=C,alkene/alkyne,False,377.15
719,6-Tetradecyne,CCCCCCCC#CCCCCC,alkene/alkyne,False,528.92
720,"3,3-Dimethyloctane",CCCCCC(C)(C)CC,alkane,False,433.23942
721,"1,3-Hexadiyne",CCC#CC#C,alkene/alkyne,False,336.0
722,4-Propyl-3-heptene,CCCC(=CCC)CCC,alkene/alkyne,False,433.65
723,4-Methylhept-3-ene,CCCC(=CCC)C,alkene/alkyne,False,391.0
724,"1,3-Pentadiyne",CC#CC#C,alkene/alkyne,False,328.15
725,3-Ethyl-3-methyl-1-pentene,CCC(C)(CC)C=C,alkene/alkyne,False,383.7
726,(6E)-6-Tridecene,CCCCCCC=CCCCCC,alkene/alkyne,False,501.2
727,3-Dodecyne,CCCCCCCCC#CCC,alkene/alkyne,False,492.55
728,6-Dodecyne,CCCCCC#CCCCCC,alkene/alkyne,False,486.15
729,4-Methyl-1-pentyne,CC(C)CC#C,alkene/alkyne,False,334.15
730,"6-Methyl-1,5-heptadiene",CC(=CCCC=C)C,alkene/alkyne,False,392.3
731,"1,4-Hexadiyne",CC#CCC#C,alkene/alkyne,False,353.7
732,"2,6-Dimethyldecane",CCCCC(C)CCCC(C)C,alkane,False,471.15
733,"4-Methyl-1,2-pentadiene",CC(C)C=C=C,alkane,False,343.0
734,"1,10-Undecadiene",C=CCCCCCCCC=C,alkene/alkyne,False,462.0
735,"2,2,4,4-Tetramethylpentan-3-ol",CC(C)(C)C(C(C)(C)C)O,alcohol/phenol,False,439.15
736,"2,3,4-Pentanetriol",CC(C(C(C)O)O)O,alcohol/phenol,True,518.0
737,3-Ethyl-2-methylheptane,CCCCC(CC)C(C)C,alkane,False,434.36
738,"Octa-2,4,6-triene",CC=CC=CC=CC,alkene/alkyne,False,420.65
739,"2,5-Dimethyloctane",CCCC(C)CCC(C)C,alkane,False,430.15
740,"3,5-Dimethyloctane",CCCC(C)CC(C)CC,alkane,False,432.55
741,"4,5-Dimethyloctane",CCCC(C)C(C)CCC,alkane,False,435.76386
742,"2,3-Diethyl-1,3-butadiene",CCC(=C)C(=C)CC,alkene/alkyne,False,392.86269
743,"3,5-Octadiyne",CCC#CC#CCC,alkene/alkyne,False,437.0
744,"3,4-Dimethyl-1-hexene",CCC(C)C(C)C=C,alkene/alkyne,False,385.15
745,3-Ethyl-3-hexene,CCC=C(CC)CC,alkene/alkyne,False,389.15
746,2-Methyl-2-octene,CCCCCC=C(C)C,alkene/alkyne,False,418.0
747,3-Ethyl-3-methylheptane,CCCCC(C)(CC)CC,alkane,False,437.00143
748,Di-t-butylacetylene,CC(C)(C)C#CC(C)(C)C,alkene/alkyne,False,430.94
749,"Hepta-1,3,5-triene",CC=CC=CC=C,alkene/alkyne,False,386.65
750,2-Methyl-1-tridecene,CCCCCCCCCCCC(=C)C,alkene/alkyne,False,523.15
751,"2,3-Butadien-1-ol",C=C=CCO,alcohol/phenol,False,401.65
752,2-Nonyne,CCCCCCC#CC,alkene/alkyne,False,432.32942
753,"3,4-Dimethyl-3-hexanol",CCC(C)C(C)(CC)O,alcohol/phenol,False,424.15
754,"2,9-Dimethyl-5-decyne",CC(C)CCC#CCCC(C)C,alkene/alkyne,False,482.28
755,5-Dodecyne,CCCCCCC#CCCCC,alkene/alkyne,False,483.16
756,6-Ethyl-3-decanol,CCCCC(CC)CCC(CC)O,alcohol/phenol,False,498.15
757,2-Methyl-3-ethyl-2-heptene,CCCCC(=C(C)C)CC,alkene/alkyne,False,432.32
758,2-Methyl-3-ethyl-2-pentene,CCC(=C(C)C)CC,alkene/alkyne,False,387.9
759,"2,4-Hexanediol",CCC(CC(C)O)O,alcohol/phenol,True,479.15
760,"2,4-Dimethyl-4-penten-2-ol",CC(=C)CC(C)(C)O,alcohol/phenol,False,405.15
761,3-Nonyne,CCCCCC#CCC,alkene/alkyne,False,429.79928
762,4-Methyl-2-hexyne,CCC(C)C#CC,alkene/alkyne,False,372.69
763,"2,3,5-Trimethylheptane",CCC(C)CC(C)C(C)C,alkane,False,433.86
764,"3,3,4-Trimethylheptane",CCCC(C)C(C)(C)CC,alkane,False,435.06
765,2-Octyn-1-ol,CCCCCC#CCO,alcohol/phenol,False,483.82
766,4-Methyl-2-pentyne,CC#CC(C)C,alkene/alkyne,False,346.15
767,4-Dodecyne,CCCCCCCC#CCCC,alkene/alkyne,False,483.16
768,"2,3,3-Trimethyl-2-pentanol",CCC(C)(C)C(C)(C)O,alcohol/phenol,False,433.15
769,4-Methyl-4-octanol,CCCCC(C)(CCC)O,alcohol/phenol,False,453.22759
770,1-Heptadecyne,CCCCCCCCCCCCCCCC#C,alkene/alkyne,False,572.16
771,2-Tridecyne,CCCCCCCCCCC#CC,alkene/alkyne,False,518.15
772,Propen-2-ol,CC(=C)O,alcohol/phenol,False,356.98
773,"1,3,4-Hexatriene",CC=C=CC=C,alkene/alkyne,False,387.0
774,5-Methyl-5-nonanol,CCCCC(C)(CCCC)O,alcohol/phenol,False,475.15
775,7-Tetradecyne,CCCCCCC#CCCCCCC,alkene/alkyne,False,528.92
776,7-Methyl-3-octyne,CCC#CCCC(C)C,alkene/alkyne,False,414.08
777,"2,2,6,6-Tetramethylheptane",CC(C)(C)CCCC(C)(C)C,alkane,False,436.15
778,3-Methyl-1-hexyne,CCCC(C)C#C,alkene/alkyne,False,358.15
779,6-Tridecyne,CCCCCCC#CCCCCC,alkene/alkyne,False,506.04
780,6-Methyl-3-heptyne,CCC#CCC(C)C,alkene/alkyne,False,391.2
781,4-Methyl-2-heptanol,CCCC(C)CC(C)O,alcohol/phenol,False,444.15
782,"4,5-Dipropyl-4-octene",CCCC(=C(CCC)CCC)CCC,alkene/alkyne,False,523.84
783,3-Tridecyne,CCCCCCCCCC#CCC,alkene/alkyne,False,511.15
784,4-Tridecyne,CCCCCCCCC#CCCC,alkene/alkyne,False,506.04
785,5-Tridecyne,CCCCCCCC#CCCCC,alkene/alkyne,False,506.04
786,2-Undecyne,CCCCCCCCC#CC,alkene/alkyne,False,479.15
787,3-Undecyne,CCCCCCCC#CCC,alkene/alkyne,False,473.15
788,4-Undecyne,CCCCCCC#CCCC,alkene/alkyne,False,471.65
789,3-Tetradecyne,CCCCCCCCCCC#CCC,alkene/alkyne,False,528.15
790,5-Tetradecyne,CCCCCCCCC#CCCCC,alkene/alkyne,False,528.92
791,"2,2,4,4,5-Pentamethylhexane",CC(C)C(C)(C)CC(C)(C)C,alkane,False,449.15
792,"2,4,6-Trimethyl-4-heptanol",CC(C)CC(C)(CC(C)C)O,alcohol/phenol,False,455.15
793,"2,2,5,5-Tetramethylheptane",CCC(C)(C)CCC(C)(C)C,alkane,False,439.15
794,"3,3,5,5-Tetramethylheptane",CCC(C)(C)CC(C)(C)CC,alkane,False,453.15
795,"3,3,6,6-Tetramethyloctane",CCC(C)(C)CCC(C)(C)CC,alkane,False,462.9
796,6-Methyl-6-hepten-4-yn-3-ol,CCC(C#CC(=C)C)O,alcohol/phenol,False,479.94
797,"2,2,5,5,8,8-Hexamethylnona-3,6-diyne",CC(C)(C)C#CC(C)(C)C#CC(C)(C)C,alkene/alkyne,False,551.11
798,trans-4-Methyl-2-pentene,C/C=C/C(C)C,alkene/alkyne,False,331.73
799,"2-Butene-1,4-diol",C(/C=C/CO)O,alcohol/phenol,True,404.15
800,"2,2-Dimethylundecane",CCCCCCCCCC(C)(C)C,alkane,False,494.15
801,1-Tricosene,CCCCCCCCCCCCCCCCCCCCCC=C,alkene/alkyne,True,652.15
802,"3,4-Dimethylpentan-2-ol",CC(C)C(C)C(C)O,alcohol/phenol,False,426.15
803,"2,2,3-Trimethyloctane",CCCCCC(C)C(C)(C)C,alkane,False,452.15
804,"2,3,5-Trimethyloctane",CCCC(C)CC(C)C(C)C,alkane,False,450.15
805,"2,3-Dimethylbutan-2-amine",CC(C)C(C)(C)N,amine,False,446.65
806,Isohexylamine,CC(C)CCCN,amine,False,396.75
807,"meso-2,3-Butanediol",C[C@H]([C@H](C)O)O,alcohol/phenol,True,456.65
808,2-Methyl-1-heptanol,CCCCCC(C)CO,alcohol/phenol,False,453.15
809,"3,9-Diethyl-6-tridecanol",CCCCC(CC)CCC(CCC(CC)CC)O,alcohol/phenol,False,582.15
810,"(R,R)-2,3-butanediol",C[C@H]([C@@H](C)O)O,alcohol/phenol,True,350.5
811,"3-Ethyl-2,4-dimethylpentan-3-ol",CCC(C(C)C)(C(C)C)O,alcohol/phenol,False,451.05
812,Propargylamine,C#CCN,amine,False,357.15
813,"3-Methyl-1,3-butanediol",CC(C)(CCO)O,alcohol/phenol,True,481.15
814,"R-1,2-Propanediol",C[C@H](CO)O,alcohol/phenol,True,461.15
815,5-Butylnonane,CCCCC(CCCC)CCCC,alkane,False,492.15
816,"3,3-Dimethyl-1-pentyne",CCC(C)(C)C#C,alkene/alkyne,False,343.15
817,"1,6-Heptadiyne",C#CCCCC#C,alkene/alkyne,False,384.15
818,"(2S,3S)-butane-2,3-diol",C[C@@H]([C@H](C)O)O,alcohol/phenol,True,453.65
819,Lycopene,CC(=CCC/C(=C/C=C/C(=C/C=C/C(=C/C=C/C=C(/C=C/C=C(/C=C/C=C(/CCC=C(C)C)\C)\C)\C)/C)/C)/C)C,alkene/alkyne,True,1167.92
820,"3,3-Diethylhexane",CCCC(CC)(CC)CC,alkane,False,439.45
821,"2,9-Dimethyldecane",CC(C)CCCCCCC(C)C,alkane,False,477.15
822,3-Methyl-1-heptanol,CCCCC(C)CCO,alcohol/phenol,False,459.15
823,"2,2,6-Trimethylheptane",CC(C)CCCC(C)(C)C,alkane,False,422.15
824,7-Methyl-1-octene,CC(C)CCCCC=C,alkene/alkyne,False,412.15
825,2-Methyl-1-decene,CCCCCCCCC(=C)C,alkene/alkyne,False,463.85
826,Ethyl isobutyl amine,CCNCC(C)C,amine,False,361.70537
827,"2,4-Dimethyl-3-isopropylpentane",CC(C)C(C(C)C)C(C)C,alkane,False,430.15
828,"2,4-Dimethyl-2-hexene",CCC(C)C=C(C)C,alkene/alkyne,False,384.0
829,3-Decanol,CCCCCCCC(CC)O,alcohol/phenol,False,490.15
830,4-Ethyl-5-methylnonane,CCCCC(C)C(CC)CCC,alkane,False,472.15
831,"4,5-Diethyloctane",CCCC(CC)C(CC)CCC,alkane,False,466.15
832,"5,6-Dimethyldecane",CCCCC(C)C(C)CCCC,alkane,False,474.15
833,2-Methyl-1-dodecene,CCCCCCCCCCC(=C)C,alkene/alkyne,False,504.45
834,"2,7-Dimethyl-2,6-octadiene",CC(=CCCC=C(C)C)C,alkene/alkyne,False,439.88857
835,"2,4-Dimethyl-1-hexene",CCC(C)CC(=C)C,alkene/alkyne,False,384.35
836,"2,2,3,3,4-Pentamethylpentane",CC(C)C(C)(C)C(C)(C)C,alkane,False,439.15
837,"2,2,3,4,4-Pentamethylpentane",CC(C(C)(C)C)C(C)(C)C,alkane,False,432.15
838,4-Ethyl-4-methylheptane,CCCC(C)(CC)CCC,alkane,False,433.96
839,6-Methylundecane,CCCCCC(C)CCCCC,alkane,False,479.15
840,"2,5-Dimethyldecane",CCCCCC(C)CCC(C)C,alkane,False,471.15
841,"3,6-Dimethyldecane",CCCCC(C)CCC(C)CC,alkane,False,474.15
842,"3,8-Dimethyldecane",CCC(C)CCCCC(C)CC,alkane,False,478.15
843,"2,3-Dimethylundecane",CCCCCCCCC(C)C(C)C,alkane,False,501.15
844,"2-Ethyl-3,3-dimethylbut-1-ene",CCC(=C)C(C)(C)C,alkene/alkyne,False,390.03498
845,"2,2,4-Trimethyloctane",CCCCC(C)CC(C)(C)C,alkane,False,443.15834
846,3-Ethyl-2-methyl-2-pentanol,CCC(CC)C(C)(C)O,alcohol/phenol,False,429.15
847,5-Ethyl-3-nonanol,CCCCC(CC)CC(CC)O,alcohol/phenol,False,498.55
848,"3,4,4-Trimethylheptane",CCCC(C)(C)C(C)CC,alkane,False,434.26
849,"3-Ethyl-2,2-dimethylhexane",CCCC(CC)C(C)(C)C,alkane,False,429.26
850,Dodec-4-ene,CCCCCCCC=CCCC,alkene/alkyne,False,478.32
851,2-Methyl-2-nonene,CCCCCCC=C(C)C,alkene/alkyne,False,444.15
852,"2,3-Hexanediol",CCCC(C(C)O)O,alcohol/phenol,True,478.15
853,"2,2-Dimethyl-1-octanol",CCCCCCC(C)(C)CO,alcohol/phenol,False,484.15
854,"2,4-Dimethyldecane",CCCCCCC(C)CC(C)C,alkane,False,473.15
855,"2-Methylhexa-2,4-diene",CC=CC=C(C)C,alkene/alkyne,False,382.35
856,"2,3-Dimethylnonane",CCCCCCC(C)C(C)C,alkane,False,448.0
857,4-Methylundecane,CCCCCCCC(C)CCC,alkane,False,483.0
858,2-Methyl-1-pentadecene,CCCCCCCCCCCCCC(=C)C,alkene/alkyne,False,557.15
859,"2,3,4-Trimethyl-3-pentanol",CC(C)C(C)(C(C)C)O,alcohol/phenol,False,429.65
860,2-Ethyl-1-pentene,CCCC(=C)CC,alkene/alkyne,False,367.15
861,"3,5-Dimethylhex-2-ene",CC=C(C)CC(C)C,alkene/alkyne,False,385.15
862,2-Ethyl-4-methyl-1-pentene,CCC(=C)CC(C)C,alkene/alkyne,False,383.45
863,2-Methyl-3-hexyne,CCC#CC(C)C,alkene/alkyne,False,367.15
864,6-Methyloctan-1-ol,CCC(C)CCCCCO,alcohol/phenol,False,479.15
865,2-Methyl-n-propyl-1-propanamine,CCCNCC(C)C,amine,False,397.15
866,"3,3-Dimethylheptane",CCCCC(C)(C)CC,alkane,False,410.15
867,N-Methylisoamylamine,CC(C)CCNC,amine,False,377.15
868,N-tert-Butylethylamine,CCNC(C)(C)C,amine,False,359.15
869,"3,4-Dimethyl-1,5-hexadiene",CC(C=C)C(C)C=C,alkene/alkyne,False,374.95
870,"2,2,4,4-Tetramethylhexane",CCC(C)(C)CC(C)(C)C,alkane,False,426.96
871,2-Methyl-1-tetradecene,CCCCCCCCCCCCC(=C)C,alkene/alkyne,False,540.15
872,4-Ethyl-2-methylheptane,CCCC(CC)CC(C)C,alkane,False,429.36
873,4-Ethyl-3-methylheptane,CCCC(CC)C(C)CC,alkane,False,435.36
874,3-Ethyl-4-methylheptane,CCCC(C)C(CC)CC,alkane,False,436.16
875,"2,2,3-Trimethylheptane",CCCCC(C)C(C)(C)C,alkane,False,430.76
876,"2,3,3-Trimethylheptane",CCCCC(C)(C)C(C)C,alkane,False,433.2
877,"3-Ethyl-2,3-dimethylhexane",CCCC(C)(CC)C(C)C,alkane,False,436.86
878,"4-Ethyl-2,3-dimethylhexane",CCC(CC)C(C)C(C)C,alkane,False,434.06
879,"4-Ethyl-2,4-dimethylhexane",CCC(C)(CC)CC(C)C,alkane,False,434.26
880,"3-Ethyl-2,5-dimethylhexane",CCC(CC(C)C)C(C)C,alkane,False,427.26
881,"4-Ethyl-3,3-dimethylhexane",CCC(CC)C(C)(C)CC,alkane,False,436.06
882,"3-Ethyl-3,4-dimethylhexane",CCC(C)C(C)(CC)CC,alkane,False,435.26
883,"2,2,3,4-Tetramethylhexane",CCC(C)C(C)C(C)(C)C,alkane,False,429.88033
884,"2,2,3,5-Tetramethylhexane",CC(C)CC(C)C(C)(C)C,alkane,False,421.81711
885,"2,3,3,4-Tetramethylhexane",CCC(C)C(C)(C)C(C)C,alkane,False,437.74
886,"2,3,3,5-Tetramethylhexane",CC(C)CC(C)(C)C(C)C,alkane,False,426.0
887,"2,3,4,4-Tetramethylhexane",CCC(C)(C)C(C)C(C)C,alkane,False,435.31525
888,"2,3,4,5-Tetramethylhexane",CC(C)C(C)C(C)C(C)C,alkane,False,428.93767
889,"3,3-Diethyl-2-methylpentane",CCC(CC)(CC)C(C)C,alkane,False,442.86
890,"3-Ethyl-2,2,3-trimethylpentane",CCC(C)(CC)C(C)(C)C,alkane,False,442.66
891,"3-Ethyl-2,2,4-trimethylpentane",CCC(C(C)C)C(C)(C)C,alkane,False,428.45
892,"3-Ethyl-2,3,4-trimethylpentane",CCC(C)(C(C)C)C(C)C,alkane,False,442.59
893,2-Methyl-3-nonene,CCCCCC=CC(C)C,alkene/alkyne,False,434.15
894,"2,6-Dimethyl-2-heptene",CC(C)CCC=C(C)C,alkene/alkyne,False,409.0
895,"3,3,4-Trimethylpent-1-ene",CC(C)C(C)(C)C=C,alkene/alkyne,False,378.17949
896,"3,4,4-Trimethylpent-1-ene",CC(C=C)C(C)(C)C,alkene/alkyne,False,377.0
897,Diethylisopropylamine,CCN(CC)C(C)C,amine,False,381.65
898,4-Tetradecyne,CCCCCCCCCC#CCCC,alkene/alkyne,False,528.92
899,2-Methyl-3-undecanol,CCCCCCCCC(C(C)C)O,alcohol/phenol,False,509.15
900,"2,3-Dimethyldodecane",CCCCCCCCCC(C)C(C)C,alkane,False,520.15
901,"2,4-Dimethyldodecane",CCCCCCCCC(C)CC(C)C,alkane,False,507.15
902,5-Methyl-3-heptyne,CCC#CC(C)CC,alkene/alkyne,False,391.2
903,2-(Pentyloxy)ethanol,CCCCCOCCO,alcohol/phenol,False,458.15
904,"2,2,6-Trimethyloctane",CCC(C)CCCC(C)(C)C,alkane,False,447.15
905,"3,4,4-Trimethylhexan-3-ol",CCC(C)(C)C(C)(CC)O,alcohol/phenol,False,438.65
906,"2,4,4-Trimethyl-3-hexanol",CCC(C)(C)C(C(C)C)O,alcohol/phenol,False,444.86543
907,Tritetracontane,CCCCCCCCCCCCCCCCCCCCCCCCCCCCCCCCCCCCCCCCCCC,alkane,True,815.65
908,5-Octadecyne,CCCCCCCCCCCCC#CCCCC,alkene/alkyne,False,620.44
909,"3-Ethyl-2,4-dimethylhexane",CCC(C)C(CC)C(C)C,alkane,False,433.26
910,"3,5-Dimethyl-1-hexene",CC(C)CC(C)C=C,alkene/alkyne,False,377.15
911,"2,5-Dimethyl-1,4-hexadiene",CC(=CCC(=C)C)C,alkene/alkyne,False,389.7
912,5-Propylnonane,CCCCC(CCC)CCCC,alkane,False,470.15
913,"2,4-Dimethylnonane",CCCCCC(C)CC(C)C,alkane,False,451.15
914,"4,4-Diethylheptane",CCCC(CC)(CC)CCC,alkane,False,456.46543
915,"3,6-Diethyl-octane",CCC(CC)CCC(CC)CC,alkane,False,476.0
916,"3,6-Dimethyl-3-ethyl-octane",CCC(C)CCC(C)(CC)CC,alkane,False,472.15
917,3-Methyl-7-ethyl-nonane,CCC(C)CCCC(CC)CC,alkane,False,473.15
918,"3,4,5,6-Tetramethyloctane",CCC(C)C(C)C(C)C(C)CC,alkane,False,472.15
919,"3,4,7-Trimethylnonane",CCC(C)CCC(C)C(C)CC,alkane,False,473.15
920,"3,4-Dimethyl-3,4-diethyl-hexane",CCC(C)(CC)C(C)(CC)CC,alkane,False,483.15
921,"3-Methyl, 3,5-diethyl, heptane",CCC(CC)CC(C)(CC)CC,alkane,False,470.15
922,4-Ethylnonane,CCCCCC(CC)CCC,alkane,False,457.15
923,"3,5-Dimethyldecane",CCCCCC(C)CC(C)CC,alkane,False,473.15
924,"4,6-Dimethyldecane",CCCCC(C)CC(C)CCC,alkane,False,471.15
925,"4,7-Dimethyldecane",CCCC(C)CCC(C)CCC,alkane,False,472.15
926,1-Heptacosene,CCCCCCCCCCCCCCCCCCCCCCCCCC=C,alkene/alkyne,True,694.15
927,1-Pentacosene,CCCCCCCCCCCCCCCCCCCCCCCC=C,alkene/alkyne,True,674.15
928,1-Hentriacontene,CCCCCCCCCCCCCCCCCCCCCCCCCCCCCC=C,alkene/alkyne,True,730.15
929,4-Methyl-1-hexyne,CCC(C)CC#C,alkene/alkyne,False,364.15
930,"3,3-Dimethylnonane",CCCCCCC(C)(C)CC,alkane,False,455.15
931,3-Ethyldecane,CCCCCCCC(CC)CC,alkane,False,480.22385
932,3-Ethylnonane,CCCCCCC(CC)CC,alkane,False,461.15
933,2-Heptyn-1-ol,CCCCC#CCO,alcohol/phenol,False,460.94
934,"2,3,3-Trimethyloctane",CCCCCC(C)(C)C(C)C,alkane,False,455.15
935,"3-Ethyl-2,7-dimethyloctane",CCC(CCCC(C)C)C(C)C,alkane,False,469.15
936,"2,5,6-Trimethyloctane",CCC(C)C(C)CCC(C)C,alkane,False,451.15
937,"2,4,6-Trimethyloctane",CCC(C)CC(C)CC(C)C,alkane,False,447.15
938,"2,2,3,5-Tetramethylheptane",CCC(C)CC(C)C(C)(C)C,alkane,False,447.15
939,N-Ethylpentylamine,CCCCCNCC,amine,False,409.15
940,"N,N-Dimethylnonylamine",CCCCCCCCCN(C)C,amine,False,488.15
941,"N,N-Diisopropylmethylamine",CC(C)N(C)C(C)C,amine,False,383.65
942,3-Hexadecyne,CCCCCCCCCCCCC#CCC,alkene/alkyne,False,559.15
943,"2,3,4-Trimethyl-1-pentanol",CC(C)C(C)C(C)CO,alcohol/phenol,False,456.15
944,"2,2-Dimethyl-3-octyne",CCCCC#CC(C)(C)C,alkene/alkyne,False,434.17
945,"7-Methyl-1,6-octadiene",CC(=CCCCC=C)C,alkene/alkyne,False,416.85
946,N-Methyldipropylamine,CCCN(C)CCC,amine,False,388.4
947,trans-5-Decene,CCCC/C=C/CCCC,alkene/alkyne,False,444.45
948,trans-3-Hexene,CC/C=C/CC,alkene/alkyne,False,340.21
949,"2,5-Dimethyl-3-hexene",CC(C)/C=C/C(C)C,alkene/alkyne,False,375.21134
950,"trans-3,4-Dimethyl-2-pentene",C/C=C(\C)/C(C)C,alkene/alkyne,False,364.15
951,"3-Methyl-1,3-pentadiene",C/C=C(\C)/C=C,alkene/alkyne,False,350.15
952,"2,4-Hexadiene",C/C=C/C=C/C,alkene/alkyne,False,353.15
953,Squalene,CC(=CCC/C(=C/CC/C(=C/CC/C=C(/CC/C=C(/CCC=C(C)C)\C)\C)/C)/C)C,alkene/alkyne,True,694.45
954,(R)-(+)-3-Butyn-2-ol,C[C@H](C#C)O,alcohol/phenol,False,382.65
955,trans-3-Octene,CCCC/C=C/CC,alkene/alkyne,False,396.35
956,trans-2-Hexene,CCC/C=C/C,alkene/alkyne,False,341.15
957,trans-2-Heptene,CCCC/C=C/C,alkene/alkyne,False,371.15
958,(S)-(+)-3-Methyl-1-pentanol,CC[C@H](C)CCO,alcohol/phenol,False,426.0
959,4-Hexen-1-OL,C/C=C/CCCO,alcohol/phenol,False,432.15
960,"2,4-Hexadien-1-OL",C/C=C/C=C/CO,alcohol/phenol,False,437.38
961,trans-3-Methyl-2-pentene,CC/C(=C/C)/C,alkene/alkyne,False,340.82
962,cis-3-Hexene,CC/C=C\CC,alkene/alkyne,False,339.55
963,"cis-3,4-Dimethyl-2-pentene",C/C=C(/C)\C(C)C,alkene/alkyne,False,365.15
964,"cis,trans-Hexa-2,4-diene",C/C=C/C=C\C,alkene/alkyne,False,356.15
965,2-Buten-1-ol,C/C=C\CO,alcohol/phenol,False,396.15
966,"cis-2-Butene-1,4-Diol",C(/C=C\CO)O,alcohol/phenol,True,508.15
967,Nerol,CC(=CCC/C(=C\CO)/C)C,alcohol/phenol,False,502.15
968,cis-2-Hexene,CCC/C=C\C,alkene/alkyne,False,342.05
969,cis-2-Heptene,CCCC/C=C\C,alkene/alkyne,False,370.15
970,"(3S)-3,5-dimethylhex-1-yn-3-ol",CC(C)C[C@@](C)(C#C)O,alcohol/phenol,False,421.15
971,(3R)-3-methylhex-1-yn-3-ol,CCC[C@](C)(C#C)O,alcohol/phenol,False,410.15
972,(S)-(+)-2-Octanol,CCCCCC[C@H](C)O,alcohol/phenol,False,449.65
973,(S)-(+)-2-Heptanol,CCCCC[C@H](C)O,alcohol/phenol,False,431.4
974,(S)-1-Octen-3-ol,CCCCC[C@@H](C=C)O,alcohol/phenol,False,447.15
975,4-Methyl-2-propylhexan-1-ol,CCCC(CC(C)CC)CO,alcohol/phenol,False,481.65
976,"(E)-3,4-Dimethylhex-3-ene",CC/C(=C(\C)/CC)/C,alkene/alkyne,False,392.4
977,(3-Methylpentyl)amine,CCC(C)CCN,amine,False,395.15
978,"3-Ethyl-2,2-dimethyl-3-pentanol",CCC(CC)(C(C)(C)C)O,alcohol/phenol,False,447.15
979,"2,3,4,5-Tetramethylheptane",CCC(C)C(C)C(C)C(C)C,alkane,False,452.15
980,2-Methyl-3-hexyn-2-ol,CCC#CC(C)(C)O,alcohol/phenol,False,419.15
981,3-Methyl-4-octanol,CCCCC(C(C)CC)O,alcohol/phenol,False,453.15
982,"3,3-Dimethylpentan-1-ol",CCC(C)(C)CCO,alcohol/phenol,False,440.15
983,"3-Ethyl-2,4,5-trimethylhexane",CCC(C(C)C)C(C)C(C)C,alkane,False,450.15
984,Methylnonylamine,CCCCCCCCCNC,amine,False,480.15
985,cis-3-Hexen-1-ol,CC/C=C\CCO,alcohol/phenol,False,430.15
986,trans-3-Hexen-1-ol,CC/C=C/CCO,alcohol/phenol,False,426.15
987,Nerolidol,CC(=CCCC(=CCCC(C)(C=C)O)C)C,alcohol/phenol,False,395.15
988,cis-2-Butene,C/C=C\C,alkene/alkyne,False,276.87
989,"(4R)-2-Methylpentane-2,4-diol",C[C@H](CC(C)(C)O)O,alcohol/phenol,True,470.15
990,3-Hepten-1-ol,CCC/C=C/CCO,alcohol/phenol,False,442.65
991,"(2Z,4Z)-2,4-Hexadiene",C/C=C\C=C/C,alkene/alkyne,False,355.55
992,"cis-4,4-Dimethyl-2-pentene",C/C=C\C(C)(C)C,alkene/alkyne,False,349.89151
993,cis-4-Methyl-2-pentene,C/C=C\C(C)C,alkene/alkyne,False,329.55
994,cis-2-PENTENE,CC/C=C\C,alkene/alkyne,False,310.05
995,trans-2-Pentene,CC/C=C/C,alkene/alkyne,False,309.45
996,(2E)-2-Pentadecene,CCCCCCCCCCCC/C=C/C,alkene/alkyne,False,546.96
997,"(E,E,Z)-Undeca-1,3,5,8-tetraene",CC/C=C\C/C=C/C=C/C=C,alkene/alkyne,False,460.44
998,(E)-3-Methyl-3-hexene,CC/C=C(\C)/CC,alkene/alkyne,False,367.15
999,"2,6-Dimethyl-3,7-octadiene-2,6-diol",CC(C)(/C=C/CC(C)(C=C)O)O,alcohol/phenol,True,607.14
1000,"cis-2,6-Dimethyl-2,6-octadiene",C/C=C(/C)\CCC=C(C)C,alkene/alkyne,False,441.15
1001,(E)-3-Decenol,CCCCCC/C=C/CCO,alcohol/phenol,False,524.74
1002,(E)-2-Methyl-3-hexene,CC/C=C/C(C)C,alkene/alkyne,False,361.15
1003,4-Methyl-2-heptene,CCCC(C)/C=C/C,alkene/alkyne,False,387.15
1004,"trans-2,2-Dimethyl-3-heptene",CCC/C=C/C(C)(C)C,alkene/alkyne,False,406.45
1005,3-Methyl-2-hexene,CCC/C(=C/C)/C,alkene/alkyne,False,367.65
1006,"3,4-Dimethyl-2-hexene",CCC(C)/C(=C/C)/C,alkene/alkyne,False,389.15
1007,"(Z,Z)-Heptadeca-1,8,11-triene",CCCCC/C=C\C/C=C\CCCCCC=C,alkene/alkyne,False,593.56
1008,3-Tetradecene,CCCCCCCCCC/C=C/CC,alkene/alkyne,False,524.08
1009,7-Pentadecene,CCCCCCC/C=C/CCCCCC,alkene/alkyne,False,546.96
1010,trans-6-Tetradecene,CCCCCCC/C=C/CCCCC,alkene/alkyne,False,524.08
1011,Oleylamine,CCCCCCCC/C=C\CCCCCCCCN,amine,True,612.15
1012,cis-2-Octene,CCCCC/C=C\C,alkene/alkyne,False,398.75
1013,(Z)-3-Methyl-2-hexene,CCC/C(=C\C)/C,alkene/alkyne,False,370.15
1014,4-Methyl-2-hexene,CCC(C)/C=C/C,alkene/alkyne,False,360.5
1015,5-Methyl-2-hexene,C/C=C/CC(C)C,alkene/alkyne,False,360.15
1016,trans-4-Octene,CCC/C=C/CCC,alkene/alkyne,False,395.55
1017,(E)-2-Methylhept-3-ene,CCC/C=C/C(C)C,alkene/alkyne,False,387.13
1018,cis-3-Heptene,CCC/C=C\CC,alkene/alkyne,False,369.15
1019,trans-3-Heptene,CCC/C=C/CC,alkene/alkyne,False,369.15
1020,"cis-2,2-Dimethyl-3-hexene",CC/C=C\C(C)(C)C,alkene/alkyne,False,378.55
1021,(E)-4-Undecene,CCCCCC/C=C/CCC,alkene/alkyne,False,466.15
1022,3-Octen-2-OL,CCCC/C=C/C(C)O,alcohol/phenol,False,478.54
1023,cis-3-Tridecene,CCCCCCCCC/C=C\CC,alkene/alkyne,False,501.2
1024,cis-4-Tridecene,CCCCCCCC/C=C\CCC,alkene/alkyne,False,501.2
1025,cis-2-Tridecene,CCCCCCCCCC/C=C\C,alkene/alkyne,False,501.2
1026,cis-3-Decene,CCCCCC/C=C\CC,alkene/alkyne,False,432.56
1027,cis-7-Dodecen-1-ol,CCCC/C=C\CCCCCCO,alcohol/phenol,False,570.5
1028,"1,6-Octadiene",C/C=C/CCCC=C,alkene/alkyne,False,383.48
1029,11-Tricosene,CCCCCCCCCCC/C=C/CCCCCCCCCC,alkene/alkyne,True,730.0
1030,"3,5-Hexadien-2-ol",CC(/C=C/C=C)O,alcohol/phenol,False,429.46
1031,"1,4-Octadiene",CCC/C=C/CC=C,alkene/alkyne,False,392.15
1032,"2,6-Octadiene",CC=CCCC=CC,alkene/alkyne,False,397.65
1033,"1,5-Heptadiene",C/C=C/CCC=C,alkene/alkyne,False,367.15337
1034,"3-Methyl-1,5-heptadiene",C/C=C/CC(C)C=C,alkene/alkyne,False,384.12498
1035,6-Tridecene,CCCCCC/C=C\CCCCC,alkene/alkyne,False,501.2
1036,trans-2-Tridecene,CCCCCCCCCC/C=C/C,alkene/alkyne,False,510.65
1037,4-Dodecene,CCCCCCC/C=C/CCC,alkene/alkyne,False,478.32
1038,5-Dodecene,CCCCCC/C=C/CCCC,alkene/alkyne,False,478.32
1039,trans-3-Nonene,CCCCC/C=C/CC,alkene/alkyne,False,409.68
1040,cis-4-Octene,CCC/C=C\CCC,alkene/alkyne,False,395.75
1041,2-Octene,CCCCCC=CC,alkene/alkyne,False,397.15
1042,cis-5-Decene,CCCC/C=C\CCCC,alkene/alkyne,False,444.45
1043,cis-2-Decene,CCCCCCC/C=C\C,alkene/alkyne,False,447.35
1044,cis-3-Nonene,CCCCC/C=C\CC,alkene/alkyne,False,409.68
1045,Trans-4-NONENE,CCCC/C=C/CCC,alkene/alkyne,False,418.15
1046,cis-4-Nonene,CCCC/C=C\CCC,alkene/alkyne,False,418.15
1047,trans-4-Decene,CCCCC/C=C/CCC,alkene/alkyne,False,432.56
1048,cis-2-Dodecene,CCCCCCCCC/C=C\C,alkene/alkyne,False,478.32
1049,trans-2-Nonene,CCCCCC/C=C/C,alkene/alkyne,False,420.15
1050,9-Octadecene,CCCCCCCC/C=C/CCCCCCCC,alkene/alkyne,True,615.6
1051,(Z)-Pent-3-en-1-ol,C/C=C\CCO,alcohol/phenol,False,413.65
1052,trans-6-Dodecene,CCCCC/C=C/CCCCC,alkene/alkyne,False,478.32
1053,cis-6-Dodecene,CCCCC/C=C\CCCCC,alkene/alkyne,False,478.32
1054,7-Tetradecene,CCCCCC/C=C/CCCCCC,alkene/alkyne,False,524.08
1055,"2,6-Dimethyl-3-heptene",CC(C)C/C=C/C(C)C,alkene/alkyne,False,387.4
1056,(Z)-9-Tetradecen-1-ol,CCCC/C=C\CCCCCCCCO,alcohol/phenol,False,616.26
1057,3-Methyl-3-heptene,CCC/C=C(\C)/CC,alkene/alkyne,False,394.15
1058,5-Methyl-2-heptene,CCC(C)C/C=C/C,alkene/alkyne,False,386.36
1059,cis-2-Penten-1-ol,CC/C=C\CO,alcohol/phenol,False,411.15
1060,2-Penten-1-OL,CC/C=C/CO,alcohol/phenol,False,411.15
1061,2-Decen-1-ol,CCCCCCC/C=C/CO,alcohol/phenol,False,524.74
1062,trans-2-Undecen-1-ol,CCCCCCCC/C=C/CO,alcohol/phenol,False,547.62
1063,"3,5,5-Trimethyl-2-hexene",C/C=C(\C)/CC(C)(C)C,alkene/alkyne,False,434.35
1064,"1,4-Hexadiene",C/C=C/CC=C,alkene/alkyne,False,338.15
1065,"cis-3-Methyl-1,3-Pentadiene",C/C=C(/C)\C=C,alkene/alkyne,False,350.15
1066,"cis,cis-2,7-Nonadiene",C/C=C\CCC/C=C\C,alkene/alkyne,False,424.2
1067,"2,4-Nonadiene",CCCC/C=C/C=C/C,alkene/alkyne,False,413.84
1068,"4-Methyl-1,5-Heptadiene",C/C=C/C(C)CC=C,alkene/alkyne,False,388.97729
1069,trans-2-Methyl-3-octene,CCCC/C=C/C(C)C,alkene/alkyne,False,409.24
1070,2-Octen-4-ol,CCCCC(/C=C/C)O,alcohol/phenol,False,448.15
1071,3-Penten-2-OL,CC=CC(C)O,alcohol/phenol,False,391.65
1072,Hotrienol,CC(=C)/C=C/CC(C)(C=C)O,alcohol/phenol,False,514.75
1073,"1,3,5-Heptatriene",C/C=C/C=C/C=C,alkene/alkyne,False,386.65
1074,"Hepta-2,4-dien-1-ol",CC/C=C/C=C/CO,alcohol/phenol,False,460.26
1075,"2-Methyl-1,3,5-hexatriene",CC(=C)/C=C/C=C,alkene/alkyne,False,357.16
1076,"1,3,5-Undecatriene",CCCCC/C=C/C=C/C=C,alkene/alkyne,False,456.28
1077,"3-Methyl-1,4-heptadiene",CC/C=C/C(C)C=C,alkene/alkyne,False,378.25
1078,"3-Methyl-2,4-hexadiene",C/C=C/C(=C/C)/C,alkene/alkyne,False,381.0
1079,Elaidyl alcohol,CCCCCCCC/C=C/CCCCCCCCO,alcohol/phenol,True,606.15
1080,"(E,E,E)-2,4,6-Octatriene",C/C=C/C=C/C=C/C,alkene/alkyne,False,420.65
1081,"2,6-Dimethyl-2,4,6-octatriene",C/C=C(\C)/C=C/C=C(C)C,alkene/alkyne,False,461.15
1082,"(2Z)-3,4,4-Trimethyl-2-pentene",C/C=C(/C)\C(C)(C)C,alkene/alkyne,False,385.45
1083,"(E,Z)-2,6-Dimethylocta-2,4,6-triene",C/C=C(/C)\C=C\C=C(C)C,alkene/alkyne,False,440.64
1084,"1,3-Heptadiene",CCC/C=C/C=C,alkene/alkyne,False,360.6
1085,"cis-2,5-Dimethyl-3-hexene",CC(C)/C=C\C(C)C,alkene/alkyne,False,371.8
1086,5-Methyl-3-heptene,CC/C=C/C(C)CC,alkene/alkyne,False,385.15
1087,"7-Methyl-2,4-octadiene",C/C=C/C=C/CC(C)C,alkene/alkyne,False,422.0
1088,"5,5-Dimethyl-2-hexene",C/C=C/CC(C)(C)C,alkene/alkyne,False,383.57
1089,trans-4-Tridecene,CCCCCCCC/C=C/CCC,alkene/alkyne,False,501.2
1090,2-Methyloct-4-ene,CCC/C=C/CC(C)C,alkene/alkyne,False,412.15
1091,"(E)-2,2,5,5-Tetramethylhex-3-ene",CC(C)(C)/C=C/C(C)(C)C,alkene/alkyne,False,398.25
1092,Dec-4-en-1-ol,CCCCC/C=C/CCCO,alcohol/phenol,False,524.74
1093,cis-2-Methyl-7-octadecene,CCCCCCCCCC/C=C\CCCCC(C)C,alkene/alkyne,True,638.04
1094,"Butene-1,4-diol",C(CO)C=CO,alcohol/phenol,True,479.64
1095,(Z)-Dodec-5-enol,CCCCCC/C=C\CCCCO,alcohol/phenol,False,570.5
1096,"2,7-Dimethylnonane",CCC(C)CCCCC(C)C,alkane,False,453.15
1097,"2,8-Dimethylnonane",CC(C)CCCCCC(C)C,alkane,False,456.15
1098,1-Tritriacontene,CCCCCCCCCCCCCCCCCCCCCCCCCCCCCCCC=C,alkene/alkyne,True,746.15
1099,2-Methyl-2-buten-1-OL,C/C=C(\C)/CO,alcohol/phenol,False,410.15
1100,Linolenyl alcohol,CC/C=C\C/C=C\C/C=C\CCCCCCCCO,alcohol/phenol,False,716.1
1101,"N,N-Dimethylicosylamine",CCCCCCCCCCCCCCCCCCCCN(C)C,amine,True,652.15
1102,"(R*,S*)-Pentane-2,4-diol",C[C@H](C[C@H](C)O)O,alcohol/phenol,True,491.15
1103,"(S)-3,3-dimethyl-2-butanol",C[C@@H](C(C)(C)C)O,alcohol/phenol,False,393.15
1104,(R)-(-)-2-Pentanol,CCC[C@@H](C)O,alcohol/phenol,False,393.42017
1105,"2,3,4,5,6-Pentamethylheptane",CC(C)C(C)C(C)C(C)C(C)C,alkane,False,468.15
1106,"4-Methylpentane-1,4-diol",CC(C)(CCCO)O,alcohol/phenol,True,491.65
1107,"2,4-Dimethyltridecane",CCCCCCCCCC(C)CC(C)C,alkane,False,524.15
1108,"2,2-Dimethyl-4-heptanol",CCC[C@@H](CC(C)(C)C)O,alcohol/phenol,False,447.15
1109,"N,N-Diethylheptylamine",CCCCCCCN(CC)CC,amine,False,471.15
1110,N-Ethyloctylamine,CCCCCCCCNCC,amine,False,475.15
1111,"1,3-Nonadiene",CCCCC/C=C\C=C,alkene/alkyne,False,406.36
1112,"5,5-Dimethyldecane",CCCCCC(C)(C)CCCC,alkane,False,470.15
1113,"3,4,5-Trimethyloctane",CCCC(C)C(C)C(C)CC,alkane,False,454.15
1114,"3-Ethyl-2,2,3,4-tetramethylpentane",CCC(C)(C(C)C)C(C)(C)C,alkane,False,459.15
1115,"3,3-Diethyl-2,2-dimethylpentane",CCC(CC)(CC)C(C)(C)C,alkane,False,462.15
1116,"2,2,3,3,4,4-Hexamethylpentane",CC(C)(C)C(C)(C)C(C)(C)C,alkane,False,467.15
1117,(S)-(+)-5-Methyl-1-heptanol,CC[C@H](C)CCCCO,alcohol/phenol,False,456.27755
1118,(R)-3-Methyl-1-hexanol,CCC[C@@H](C)CCO,alcohol/phenol,False,445.35
1119,"3,4-Dimethylnonane",CCCCCC(C)C(C)CC,alkane,False,458.15
1120,(S)-(+)-4-Methyl-1-hexanol,CC[C@H](C)CCCO,alcohol/phenol,False,445.15
1121,Octadec-7-yne,CCCCCCCCCCC#CCCCCCC,alkene/alkyne,False,620.44
1122,"2,7-Nonadiene",C/C=C/CCC/C=C/C,alkene/alkyne,False,424.65
1123,1-Pentatriacontene,CCCCCCCCCCCCCCCCCCCCCCCCCCCCCCCCCC=C,alkene/alkyne,True,762.15
1124,1-Nonatriacontene,CCCCCCCCCCCCCCCCCCCCCCCCCCCCCCCCCCCCCC=C,alkene/alkyne,True,790.15
1125,2-Hexadecyne,CCCCCCCCCCCCCC#CC,alkene/alkyne,False,569.15
1126,"4-Methylhepta-1,6-diene",CC(CC=C)CC=C,alkene/alkyne,False,382.4
1127,4-Tert-butylheptane,CCCC(CCC)C(C)(C)C,alkane,False,447.15
1128,4-Methylnonan-1-ol,CCCCCC(C)CCCO,alcohol/phenol,False,489.15
1129,"2,3,4-Trimethyloctane",CCCCC(C)C(C)C(C)C,alkane,False,453.15
1130,4-Ethyl-4-methyloctane,CCCCC(C)(CC)CCC,alkane,False,453.15
1131,"2,4,7-Trimethyloctane",CC(C)CCC(C)CC(C)C,alkane,False,443.15
1132,"4-Ethyl-3,5-dimethylheptane",CCC(C)C(CC)C(C)CC,alkane,False,454.15
1133,"2,2,3,4-Tetramethylhexan-3-ol",CCC(C)C(C)(C(C)(C)C)O,alcohol/phenol,False,464.89743
1134,"2,4-Dimethylpentan-2-amine",CC(C)CC(C)(C)N,amine,False,394.75
1135,"3,3-Dimethyldecane",CCCCCCCC(C)(C)CC,alkane,False,476.15
1136,"4-Ethyl-2,4-dimethyloctane",CCCCC(C)(CC)CC(C)C,alkane,False,464.15
1137,"3-Ethyl-2,6-dimethyloctane",CCC(C)CCC(CC)C(C)C,alkane,False,470.15
1138,"4-Ethyl-2,6-dimethyloctane",CCC(C)CC(CC)CC(C)C,alkane,False,463.15
1139,4-Isopropyloctane,CCCCC(CCC)C(C)C,alkane,False,451.15
1140,"3-Ethyl-2,2,5-trimethylhexane",CCC(CC(C)C)C(C)(C)C,alkane,False,443.15
1141,4-Tert-butyl-2-methylheptane,CCCC(CC(C)C)C(C)(C)C,alkane,False,458.15
1142,8-Methylnon-4-yne,CCCC#CCCC(C)C,alkene/alkyne,False,436.96
1143,"2,2,4,5-Tetramethylheptane",CCC(C)C(C)CC(C)(C)C,alkane,False,442.15
1144,"3,3,5-Trimethyloctane",CCCC(C)CC(C)(C)CC,alkane,False,447.15
1145,"2,2,4,4-Tetramethylheptane",CCCC(C)(C)CC(C)(C)C,alkane,False,443.15
1146,"3,4,4,5-Tetramethylheptane",CCC(C)C(C)(C)C(C)CC,alkane,False,458.15
1147,"2,3,5,6-Tetramethylheptane",CC(C)C(C)CC(C)C(C)C,alkane,False,448.15
1148,"2,2,3-Trimethylbutan-1-ol",CC(C)C(C)(C)CO,alcohol/phenol,False,429.73095
1149,"2,4,4,6-Tetramethylheptane",CC(C)CC(C)(C)CC(C)C,alkane,False,437.15
1150,"2,5,8-Trimethylnonane",CC(C)CCC(C)CCC(C)C,alkane,False,463.0
1151,4-Methyl-4-propylheptane,CCCC(C)(CCC)CCC,alkane,False,451.15
1152,"3,4,6-Trimethyloctane",CCC(C)CC(C)C(C)CC,alkane,False,452.15
1153,"2,2,3,5,5-Pentamethylhexane",CC(CC(C)(C)C)C(C)(C)C,alkane,False,438.275
1154,"2,4,5,7-Tetramethyloctane",CC(C)CC(C)C(C)CC(C)C,alkane,False,459.4
1155,2-Pentadecyne,CCCCCCCCCCCCC#CC,alkene/alkyne,False,553.15
1156,5-Ethyl-5-methylnonane,CCCCC(C)(CC)CCCC,alkane,False,471.15
1157,"5,5-Dimethylnonane",CCCCC(C)(C)CCCC,alkane,False,450.15
1158,"4,4-Dimethyldecane",CCCCCCC(C)(C)CCC,alkane,False,472.15
1159,"3,3-Diethyloctane",CCCCCC(CC)(CC)CC,alkane,False,478.0
1160,"4-Ethyl-2,2-dimethyloctane",CCCCC(CC)CC(C)(C)C,alkane,False,460.15
1161,"2,2-Dimethyldodecane",CCCCCCCCCCC(C)(C)C,alkane,False,513.15
1162,"4-Ethyl-2,2-dimethylheptane",CCCC(CC)CC(C)(C)C,alkane,False,441.15
1163,"2,2,7-Trimethyloctane",CC(C)CCCCC(C)(C)C,alkane,False,443.15
1164,"2,2,4-Trimethylnonane",CCCCCC(C)CC(C)(C)C,alkane,False,464.15
1165,"3-Ethyl-2,5-dimethylheptane",CCC(C)CC(CC)C(C)C,alkane,False,449.15
1166,"3,3-Diethylheptane",CCCCC(CC)(CC)CC,alkane,False,459.9
1167,"3,3,4-Trimethyloctane",CCCCC(C)C(C)(C)CC,alkane,False,455.15
1168,"3-Ethyl-3,4-dimethyloctane",CCCCC(C)C(C)(CC)CC,alkane,False,473.15
1169,"4,4-Diethyloctane",CCCCC(CC)(CC)CCC,alkane,False,473.15
1170,"3,6-Dimethylnonane",CCCC(C)CCC(C)CC,alkane,False,455.15
1171,"2,2,3,3-Tetramethylheptane",CCCCC(C)(C)C(C)(C)C,alkane,False,452.8
1172,"3,3,4,5-Tetramethylheptane",CCC(C)C(C)C(C)(C)CC,alkane,False,454.15
1173,4-Methyl-octane,CCCC[C@@H](C)CCC,alkane,False,415.15
1174,"2,2,6,6-Tetramethyloctane",CCC(C)(C)CCCC(C)(C)C,alkane,False,455.9
1175,"2,5-Dimethyl-3-isopropylhexane",CC(C)CC(C(C)C)C(C)C,alkane,False,443.15
1176,"3-Ethyl-2,2-dimethylheptane",CCCCC(CC)C(C)(C)C,alkane,False,449.15
1177,"2,2,3,3,4-Pentamethylhexane",CCC(C)C(C)(C)C(C)(C)C,alkane,False,457.15
1178,"2,3,4-Trimethylhexan-3-ol",CCC(C)C(C)(C(C)C)O,alcohol/phenol,False,452.15
1179,"2,3,3,4,5-Pentamethylhexane",CC(C)C(C)C(C)(C)C(C)C,alkane,False,454.15
1180,"2,2,5-Trimethyloctane",CCCC(C)CCC(C)(C)C,alkane,False,444.15
1181,2-Methyl-4-isopropylheptane,CCCC(CC(C)C)C(C)C,alkane,False,445.15
1182,4-Ethyl-5-methyloctane,CCCC(C)C(CC)CCC,alkane,False,453.15
1183,"2,4,4,7-Tetramethyloctane",CC(C)CCC(C)(C)CC(C)C,alkane,False,457.0
1184,3-Ethyl-5-methyloctane,CCCC(C)CC(CC)CC,alkane,False,453.15
1185,"2,3-Dimethyltridecane",CCCCCCCCCCC(C)C(C)C,alkane,False,538.15
1186,"3,4-Diethyloctane",CCCCC(CC)C(CC)CC,alkane,False,472.15
1187,4-Tert-butyloctane,CCCCC(CCC)C(C)(C)C,alkane,False,464.15
1188,3-Ethyl-6-methyloctane,CCC(C)CCC(CC)CC,alkane,False,455.15
1189,"2,3,4,6-Tetramethylheptane",CC(C)CC(C)C(C)C(C)C,alkane,False,446.7
1190,"3,5-Diethyloctane",CCCC(CC)CC(CC)CC,alkane,False,470.15
1191,"2,3,3,6-Tetramethylheptane",CC(C)CCC(C)(C)C(C)C,alkane,False,448.15
1192,"3,5-Diethylheptane",CCC(CC)CC(CC)CC,alkane,False,452.15
1193,"3,5,5-Trimethyloctane",CCCC(C)(C)CC(C)CC,alkane,False,443.15
1194,4-Isopropyl-4-heptanol,CCCC(CCC)(C(C)C)O,alcohol/phenol,False,462.15
1195,3-Pentadecyne,CCCCCCCCCCCC#CCC,alkene/alkyne,False,544.15
1196,"3,4-Diethyl-3-methylhexane",CCC(CC)C(C)(CC)CC,alkane,False,459.15
1197,"N,N-dimethylpentan-3-amine",CCC(CC)N(C)C,amine,False,389.65
1198,"4-Ethyl-2,5-dimethylheptane",CCC(C)C(CC)CC(C)C,alkane,False,448.15
1199,"2,2,3,3,5,5-Hexamethylhexane",CC(C)(C)CC(C)(C)C(C)(C)C,alkane,False,468.15
1200,"3,4,4-Trimethylpentan-2-ol",CC(C(C)O)C(C)(C)C,alcohol/phenol,False,432.40963
1201,"N,N,2-Trimethylbutan-2-amine",CCC(C)(C)N(C)C,amine,False,391.15
1202,"4,6-Dimethylnonane",CCCC(C)CC(C)CCC,alkane,False,452.15
1203,"2,3,3,4,4-Pentamethylhexane",CCC(C)(C)C(C)(C)C(C)C,alkane,False,460.15
1204,"3,3-Diethyl-2,2,4-trimethylpentane",CCC(CC)(C(C)C)C(C)(C)C,alkane,False,479.15
1205,"3,3-Diethyl-2,4-dimethylhexane",CCC(C)C(CC)(CC)C(C)C,alkane,False,473.15
1206,"3,3-Diethyl-2,4-dimethylpentane",CCC(CC)(C(C)C)C(C)C,alkane,False,462.15
1207,"3,3-Diethyl-2-methylheptane",CCCCC(CC)(CC)C(C)C,alkane,False,476.15
1208,"3,3-Diethyl-2-methylhexane",CCCC(CC)(CC)C(C)C,alkane,False,459.15
1209,"3-Ethyl-2,4,4-trimethylhexane",CCC(C(C)C)C(C)(C)CC,alkane,False,451.15
1210,3-Methyl-4-isopropylheptane,CCCC(C(C)C)C(C)CC,alkane,False,450.15
1211,2-Ethyl-4-methylhexan-1-ol,CCC(C)CC(CC)CO,alcohol/phenol,False,468.15
1212,"2,2,3,3,5-Pentamethylhexane",CC(C)CC(C)(C)C(C)(C)C,alkane,False,446.17573
1213,"4-Ethyl-2,2,4-trimethylhexane",CCC(C)(CC)CC(C)(C)C,alkane,False,451.15
1214,"3,3,6-Trimethyloctane",CCC(C)CCC(C)(C)CC,alkane,False,450.15
1215,"2,4,5-Trimethyloctane",CCCC(C)C(C)CC(C)C,alkane,False,449.15
1216,"3,3-Dimethylnon-4-yne",CCCCC#CC(C)(C)CC,alkene/alkyne,False,457.05
1217,4-Methyl-2-(2-methylpropyl)pentan-1-ol,CC(C)CC(CC(C)C)CO,alcohol/phenol,False,477.15
1218,"2,4-Dimethyl-4-propylheptane",CCCC(C)(CCC)CC(C)C,alkane,False,462.15
1219,"2,4-Dimethyltetradecane",CCCCCCCCCCC(C)CC(C)C,alkane,False,521.0
1220,"2,5-Dimethyl-4-propylheptane",CCCC(CC(C)C)C(C)CC,alkane,False,463.15
1221,"2,6,6-Trimethylnonane",CCCC(C)(C)CCCC(C)C,alkane,False,463.15
1222,"2,6-Dimethyl-4-propylheptane",CCCC(CC(C)C)CC(C)C,alkane,False,457.75
1223,"2,5,5-Trimethylnonane",CCCCC(C)(C)CCC(C)C,alkane,False,463.15
1224,"2,5,5-Trimethyloctane",CCCC(C)(C)CCC(C)C,alkane,False,445.15
1225,2-Methyl-4-propylheptane,CCCC(CCC)CC(C)C,alkane,False,447.15
1226,2-Methyl-5-propyloctane,CCCC(CCC)CCC(C)C,alkane,False,462.0
1227,"3,3,4,4-Tetramethylheptane",CCCC(C)(C)C(C)(C)CC,alkane,False,457.15
1228,"3,4-Dimethyl-4-propylheptane",CCCC(C)(CCC)C(C)CC,alkane,False,471.15
1229,"3,5-Dimethyl-4-propylheptane",CCCC(C(C)CC)C(C)CC,alkane,False,469.15
1230,"3,3-Dimethyl-4-propylheptane",CCCC(CCC)C(C)(C)CC,alkane,False,469.15
1231,"3,4,4-Trimethyloctane",CCCCC(C)(C)C(C)CC,alkane,False,454.15
1232,"3,4,5,5-Tetramethylhexan-3-ol",CCC(C)(C(C)C(C)(C)C)O,alcohol/phenol,False,467.8
1233,3-Methyl-4-propylheptane,CCCC(CCC)C(C)CC,alkane,False,452.15
1234,"4,4,5-Trimethyloctane",CCCC(C)C(C)(C)CCC,alkane,False,453.15
1235,"4,4-Dimethylnonane",CCCCCC(C)(C)CCC,alkane,False,451.15
1236,"2,2,3,3,6-Pentamethylheptane",CC(C)CCC(C)(C)C(C)(C)C,alkane,False,466.15
1237,"2,2,3,4,4-Pentamethylhexane",CCC(C)(C)C(C)C(C)(C)C,alkane,False,459.15
1238,"2,2,3,4,5-Pentamethylhexane",CC(C)C(C)C(C)C(C)(C)C,alkane,False,447.15
1239,"2,2,3,4-Tetramethylheptane",CCCC(C)C(C)C(C)(C)C,alkane,False,449.15
1240,"2,2,5,5,6-Pentamethylheptane",CC(C)C(C)(C)CCC(C)(C)C,alkane,False,459.15
1241,"2,2,5,5-Tetramethyloctane",CCCC(C)(C)CCC(C)(C)C,alkane,False,457.15
1242,"2,2,5,6-Tetramethylheptane",CC(C)C(C)CCC(C)(C)C,alkane,False,442.15
1243,"2,3-Dimethyl-4-propylheptane",CCCC(CCC)C(C)C(C)C,alkane,False,467.15
1244,"2,3-Dimethyltetradecane",CCCCCCCCCCCC(C)C(C)C,alkane,False,555.15
1245,"2,4,4,5,5-Pentamethylheptane",CCC(C)(C)C(C)(C)CC(C)C,alkane,False,469.15
1246,"2,4,4-Trimethyloctane",CCCCC(C)(C)CC(C)C,alkane,False,444.15
1247,"5,5-Dimethyl-3-hexanol",CC[C@@H](CC(C)(C)C)O,alcohol/phenol,False,426.15
1248,"3,5-Dimethyl-2,4-heptadiene",CC/C(=C/C(=C/C)/C)/C,alkene/alkyne,False,413.15
1249,"2,2,4,4-Tetramethyl-3-hexanol",CCC(C)(C)[C@@H](C(C)(C)C)O,alcohol/phenol,False,460.65
1250,"3,3,4-Trimethyl-2-pentanol",C[C@@H](C(C)(C)C(C)C)O,alcohol/phenol,False,437.9
