feature_set,model,repeat,fold,rmse,mae,r2,n,rmse_hard
curated,ensemble,0,0,17.567880381174415,10.500308202833805,0.9607821495049805,251.0,38.34005573189934
curated,ensemble,0,1,31.068384032127376,12.25625654312721,0.8971571014271026,250.0,69.10226162869382
curated,ensemble,0,2,20.92539908073165,10.134849183476458,0.9177145873258588,250.0,41.841417605466305
curated,ensemble,0,3,20.643160043787574,9.442460681817892,0.9468363373334575,250.0,51.282966321475904
curated,ensemble,0,4,27.53403641209194,12.297957246256294,0.9116672470390339,250.0,63.697662874876414
curated,ensemble,1,0,18.66671090638395,9.487472065216513,0.9604560458526687,251.0,25.861398514336543
curated,ensemble,1,1,21.339614387094624,10.593272147023024,0.9326519545649304,250.0,50.149833587350486
curated,ensemble,1,2,31.684439026992827,11.706484868953508,0.8855268817673092,250.0,78.28759532759233
curated,ensemble,1,3,20.61245642644108,11.267384361898399,0.9458964207241294,250.0,37.33050972541765
curated,ensemble,1,4,18.11558193686711,10.310756430890535,0.953800446769448,250.0,37.243736946065354
curated,ensemble,2,0,19.886854893660164,10.403050186168588,0.9498591503889164,251.0,41.084462333863314
curated,ensemble,2,1,24.154279927041877,10.953813117914025,0.9319397695563935,250.0,51.591140102334414
curated,ensemble,2,2,17.323902919618238,10.534620273554276,0.9603819383816204,250.0,30.412804768444236
curated,ensemble,2,3,27.267470339402582,11.76151476118295,0.9185608459423222,250.0,66.21804416126777
curated,ensemble,2,4,20.99982027945271,10.056521647197128,0.9269559676627417,250.0,48.50593014334827
curated,mlp,0,0,20.042855015198917,10.47487903526342,0.9489537051101331,251.0,36.92639662059297
curated,mlp,0,1,31.8153534575468,13.393028728720067,0.892152400257766,250.0,65.60723017971942
curated,mlp,0,2,20.217834542893034,10.48050512861048,0.9231852486944451,250.0,36.60346730745788
curated,mlp,0,3,22.1949811248327,10.353603749659037,0.9385428955687298,250.0,53.392832816289804
curated,mlp,0,4,30.697770919464897,13.661617112937023,0.8902016831390667,250.0,72.0404758390729
curated,mlp,1,0,17.99865149671728,9.380713477298023,0.9632358587025899,251.0,24.699967315146306
curated,mlp,1,1,24.245945716157944,11.775640602557067,0.9130579014822694,250.0,58.426908488285605
curated,mlp,1,2,31.499627893674386,14.244179600198658,0.8868584001759009,250.0,70.78615212462722
curated,mlp,1,3,29.23821902877793,15.166827498931196,0.8911400009001148,250.0,47.371214391154645
curated,mlp,1,4,19.78083097953557,11.14674892099726,0.944916407023511,250.0,34.44460893456692
curated,mlp,2,0,21.09585886158501,10.169756169490594,0.9435772952425028,251.0,43.967408514666204
curated,mlp,2,1,26.29225212181806,12.279074016446641,0.9193580907574486,250.0,49.666780019577246
curated,mlp,2,2,18.83106437498847,11.811380670621377,0.9531886165330175,250.0,31.669951239100694
curated,mlp,2,3,22.269939236115878,11.204163089729448,0.9456772660277868,250.0,49.82917609123331
curated,mlp,2,4,23.690588954249925,12.446154758104885,0.9070380341301145,250.0,48.15328587596334
curated,ridge,0,0,25.18086086644382,16.742107650248602,0.9194276182033072,251.0,51.189227567457614
curated,ridge,0,1,31.733859644825596,15.688943388569063,0.8927041876755115,250.0,67.10491544691332
curated,ridge,0,2,25.208549318632638,14.628959210295532,0.8805816515542377,250.0,44.912989901108936
curated,ridge,0,3,24.459168483887183,13.786203421509908,0.9253644200676953,250.0,57.74622148290013
curated,ridge,0,4,30.35531213531433,15.864561588214968,0.8926377988421571,250.0,64.87265831281218
curated,ridge,1,0,24.995222535635982,14.868572740118998,0.929097996699553,251.0,36.9371493878613
curated,ridge,1,1,23.484080404015458,15.325372431901494,0.9184359130756606,250.0,47.04906381290815
curated,ridge,1,2,35.441655168494286,15.9530607049952,0.8567681966359855,250.0,86.08898944867359
curated,ridge,1,3,23.36905330547991,15.178790838329673,0.9304577505468737,250.0,40.930639121656036
curated,ridge,1,4,21.80610332278463,14.486968258630284,0.9330594421075027,250.0,50.18484223095299
curated,ridge,2,0,23.483375885925422,15.15059452104764,0.9300833617625321,251.0,43.05381155699739
curated,ridge,2,1,27.87417178785096,15.321174001620424,0.9093622388234786,250.0,52.42303628877222
curated,ridge,2,2,20.942057478472492,14.411379073819058,0.9421050830991833,250.0,32.62547372859163
curated,ridge,2,3,31.854552795751612,16.54262969479894,0.8888558574099943,250.0,74.30953950223576
curated,ridge,2,4,25.24098578157115,14.533954552247389,0.894472364197991,250.0,57.65221533429795
curated,xgboost,0,0,17.360738134567324,10.36177035060928,0.9617015297046686,251.0,37.47447660902146
curated,xgboost,0,1,36.122180670634116,13.395834229589848,0.8609775621334503,250.0,83.20682419472382
curated,xgboost,0,2,22.867710492369913,9.9155048990625,0.9017300526442817,250.0,52.86467994702323
curated,xgboost,0,3,19.726753881473083,8.353980569746092,0.9514517268449387,250.0,48.27727508119183
curated,xgboost,0,4,29.46738698393562,12.576674669414064,0.8988268541377806,250.0,70.34865263779605
curated,xgboost,1,0,22.294592126773587,10.522076298400147,0.9435916295665642,251.0,43.64435206988359
curated,xgboost,1,1,24.87197226817797,10.370352148437501,0.9085102773259753,250.0,61.51258342733392
curated,xgboost,1,2,34.79912117272103,11.650373222421877,0.8619145177589943,250.0,87.44089873919498
curated,xgboost,1,3,20.59160638639579,9.978936983632813,0.9460058197437445,250.0,39.529504347815184
curated,xgboost,1,4,20.858119955072148,10.03298417421875,0.9387531837607308,250.0,39.925266282914734
curated,xgboost,2,0,20.877697497672838,10.277132821565301,0.9447382440956085,251.0,44.903829152125965
curated,xgboost,2,1,24.56836927116713,10.808160898769529,0.9295861830035705,250.0,59.55274017173536
curated,xgboost,2,2,21.239409134780583,10.278672111972655,0.9404493368569165,250.0,47.262255449963426
curated,xgboost,2,3,33.32856192220205,12.631259763281248,0.8783319059445351,250.0,81.42865718725822
curated,xgboost,2,4,21.381342937584943,9.43991957835937,0.9242777443147014,250.0,45.95619747695276
curated (log),ensemble,0,0,17.473558233166713,10.237201876171978,0.9612021411638633,251.0,37.96438660088483
curated (log),ensemble,0,1,30.741324158105332,12.640833435558019,0.899310978618692,250.0,67.36918732141696
curated (log),ensemble,0,2,21.522393986596267,9.968453114865369,0.9129524590084914,250.0,45.91171339422641
curated (log),ensemble,0,3,20.16093043914698,9.332195293970202,0.9492911598892867,250.0,49.400063759370916
curated (log),ensemble,0,4,25.575859114098535,12.289521666500626,0.9237846474581004,250.0,58.00225487174077
curated (log),ensemble,1,0,16.995557557743503,9.226976883974267,0.9672195188319095,251.0,28.999935829244716
curated (log),ensemble,1,1,20.70712504972185,12.299462432883672,0.9365850763455011,250.0,45.07164917733748
curated (log),ensemble,1,2,30.52974103299097,11.836229255664733,0.8937184916550516,250.0,74.64086625243486
curated (log),ensemble,1,3,20.52034632469483,11.817629069986113,0.9463788815557023,250.0,35.997309090777094
curated (log),ensemble,1,4,18.299135676595974,10.31726918691644,0.9528594819636682,250.0,36.21889501098679
curated (log),ensemble,2,0,19.940269667914933,10.154687865042808,0.9495894386627944,251.0,41.10532000980813
curated (log),ensemble,2,1,23.853102267769145,10.859872213709812,0.9336264624050986,250.0,54.82384960978982
curated (log),ensemble,2,2,19.06281343997344,10.77143813089855,0.9520293353637367,250.0,38.73220907405693
curated (log),ensemble,2,3,27.11033446346801,11.624610951610952,0.9194967699275923,250.0,67.4664157058682
curated (log),ensemble,2,4,19.520223630049866,9.526894821724062,0.9368863696799334,250.0,45.100775102463174
curated (log),mlp,0,0,20.00555660698976,10.399862509400618,0.9491435157918426,251.0,38.783061451698984
curated (log),mlp,0,1,33.7326087468814,17.701261388275086,0.8787625377306847,250.0,63.09699516017665
curated (log),mlp,0,2,23.301506745838225,12.133658892249732,0.897966364239807,250.0,44.5304976494654
curated (log),mlp,0,3,22.033142544099192,11.776697196209271,0.9394358784036777,250.0,50.599584661532596
curated (log),mlp,0,4,29.08387671726362,14.57680114570922,0.901443200688728,250.0,62.4533782604376
curated (log),mlp,1,0,16.58698664239751,8.72403100834683,0.9687766512031944,251.0,25.504078711690283
curated (log),mlp,1,1,28.07749078773185,22.80514876054434,0.8834080815559238,250.0,44.162942043196956
curated (log),mlp,1,2,29.176235582020517,15.203243097766014,0.9029333631689487,250.0,61.0528330466742
curated (log),mlp,1,3,26.735235065012255,17.283287225869763,0.9089804864922408,250.0,39.60493583953324
curated (log),mlp,1,4,21.284097155739715,12.278679073456361,0.9362259993620207,250.0,31.7256281442088
curated (log),mlp,2,0,21.44568827041164,10.170888435476352,0.9416904813074246,251.0,45.86444184085903
curated (log),mlp,2,1,25.574863225367036,11.716100355684713,0.9236987127888951,250.0,54.669151437793545
curated (log),mlp,2,2,23.63461465696996,13.735768313984915,0.9262607370803629,250.0,52.54693385728906
curated (log),mlp,2,3,23.04050978552755,12.466345904399905,0.9418529451214468,250.0,52.48724318816563
curated (log),mlp,2,4,21.320552444068777,11.456079515736445,0.9247077125826781,250.0,42.97780148526043
curated (log),ridge,0,0,23.64712104362301,15.349886756423825,0.9289438612215972,251.0,49.52431555375413
curated (log),ridge,0,1,31.649445443210546,15.260619431575785,0.8932742566135121,250.0,66.55524135957546
curated (log),ridge,0,2,23.560229609002246,13.88292934571024,0.8956879717639843,250.0,47.310474676929736
curated (log),ridge,0,3,23.688144871436478,13.512200710131015,0.9299957132121379,250.0,55.46377718996317
curated (log),ridge,0,4,26.04801085513405,14.395349252667991,0.9209446748278524,250.0,56.438830898554045
curated (log),ridge,1,0,21.269054479198466,13.782717675545367,0.9486617739276024,251.0,38.83077405608186
curated (log),ridge,1,1,22.505969127661388,14.39477865792605,0.9250887059830142,250.0,45.68556970610633
curated (log),ridge,1,2,33.55054613278475,14.933900802510824,0.8716456309031311,250.0,81.10484919968148
curated (log),ridge,1,3,22.98091877771717,14.886730857996039,0.9327486089765267,250.0,40.784772651765074
curated (log),ridge,1,4,20.945505486165736,13.847444015821967,0.9382389191085201,250.0,47.083417244967194
curated (log),ridge,2,0,22.947592910659562,14.16977775713971,0.933237321419564,251.0,40.52903803562985
curated (log),ridge,2,1,26.155499937221162,14.5342992400638,0.9201947842220352,250.0,54.8113208916168
curated (log),ridge,2,2,20.016873908798697,14.020245391273303,0.9471074814142773,250.0,32.32955047924334
curated (log),ridge,2,3,31.379349418689724,15.166377354317232,0.8921471997503462,250.0,77.28053513642887
curated (log),ridge,2,4,23.818543798015995,14.014901869275356,0.9060311316334183,250.0,54.096615778184116
curated (log),xgboost,0,0,17.360738134567324,10.36177035060928,0.9617015297046686,251.0,37.47447660902146
curated (log),xgboost,0,1,36.122180670634116,13.395834229589848,0.8609775621334503,250.0,83.20682419472382
curated (log),xgboost,0,2,22.867710492369913,9.9155048990625,0.9017300526442817,250.0,52.86467994702323
curated (log),xgboost,0,3,19.726753881473083,8.353980569746092,0.9514517268449387,250.0,48.27727508119183
curated (log),xgboost,0,4,29.46738698393562,12.576674669414064,0.8988268541377806,250.0,70.34865263779605
curated (log),xgboost,1,0,22.294592126773587,10.522076298400147,0.9435916295665642,251.0,43.64435206988359
curated (log),xgboost,1,1,24.87197226817797,10.370352148437501,0.9085102773259753,250.0,61.51258342733392
curated (log),xgboost,1,2,34.79912117272103,11.650373222421877,0.8619145177589943,250.0,87.44089873919498
curated (log),xgboost,1,3,20.59160638639579,9.978936983632813,0.9460058197437445,250.0,39.529504347815184
curated (log),xgboost,1,4,20.858119955072148,10.03298417421875,0.9387531837607308,250.0,39.925266282914734
curated (log),xgboost,2,0,20.877697497672838,10.277132821565301,0.9447382440956085,251.0,44.903829152125965
curated (log),xgboost,2,1,24.56836927116713,10.808160898769529,0.9295861830035705,250.0,59.55274017173536
curated (log),xgboost,2,2,21.239409134780583,10.278672111972655,0.9404493368569165,250.0,47.262255449963426
curated (log),xgboost,2,3,33.32856192220205,12.631259763281248,0.8783319059445351,250.0,81.42865718725822
curated (log),xgboost,2,4,21.381342937584943,9.43991957835937,0.9242777443147014,250.0,45.95619747695276
curated (log),xgboost_per_family,0,0,21.108114502714972,11.312758104208983,0.9434695971879474,250.0,44.96455460803453
curated (log),xgboost_per_family,0,1,36.174551537252725,13.488978869462224,0.8588707071570685,249.0,83.758645588878
curated (log),xgboost_per_family,0,2,19.96474977919243,9.607388692441404,0.9250963302359049,250.0,37.059773963633596
curated (log),xgboost_per_family,0,3,20.479652129759845,9.288284294531252,0.9476751869659076,250.0,49.18308487261201
curated (log),xgboost_per_family,0,4,30.90403759995126,14.43590882796812,0.8828331365724121,249.0,66.37596705427896
curated (log),xgboost_per_family,1,0,19.71527098876262,10.30364154207031,0.9537519071116509,250.0,36.0440642923603
curated (log),xgboost_per_family,1,1,20.39089118127972,9.755073063164062,0.9385071990185782,250.0,48.60390084021398
curated (log),xgboost_per_family,1,2,36.075889788051654,12.958463970664063,0.8515960121143796,250.0,89.18038365870473
curated (log),xgboost_per_family,1,3,25.316168428171835,12.1728852685743,0.9170875017998268,249.0,53.05135394280407
curated (log),xgboost_per_family,1,4,22.25198533440695,10.972500456690039,0.9303486077309995,249.0,53.51413660580325
curated (log),xgboost_per_family,2,0,24.260192770460332,10.991025126758592,0.925381249287789,251.0,54.6845047298289
curated (log),xgboost_per_family,2,1,24.02720833819649,11.244208607374622,0.9293825497514068,248.0,49.531467097715094
curated (log),xgboost_per_family,2,2,20.96300787102589,10.628516206289063,0.9419891892392643,250.0,45.95792588802129
curated (log),xgboost_per_family,2,3,33.47445883387767,12.424265304492188,0.877264362015425,250.0,84.10623300773999
curated (log),xgboost_per_family,2,4,20.756917127599024,10.46761312411756,0.9270531888000694,249.0,46.60444748369964
curated (log) + family,ensemble,0,0,17.643343332150028,9.946702568893059,0.9604445047886114,251.0,40.258113529035526
curated (log) + family,ensemble,0,1,30.501714322646983,12.099596260382343,0.9008744802881513,250.0,68.75980442041222
curated (log) + family,ensemble,0,2,22.543381623234488,10.654852347959732,0.9044977774559335,250.0,50.10387755109675
curated (log) + family,ensemble,0,3,22.35743714465473,13.218416568534908,0.9376399332538647,250.0,48.71514120643644
curated (log) + family,ensemble,0,4,26.998064175044515,12.118766197729544,0.9150727128318121,250.0,62.25766515616551
curated (log) + family,ensemble,1,0,16.971474604809952,8.997372955202245,0.9673123538508009,251.0,27.82839083942139
curated (log) + family,ensemble,1,1,20.574082773503424,9.799853128148412,0.937397334207647,250.0,47.89235174904077
curated (log) + family,ensemble,1,2,33.68135106323529,11.600838554125126,0.8706428386983873,250.0,84.76213767534746
curated (log) + family,ensemble,1,3,19.730359626537407,10.379449465377457,0.9504279934332435,250.0,36.00711305287226
curated (log) + family,ensemble,1,4,17.89591302029413,9.80701704378822,0.9549140819834796,250.0,38.67000099508318
curated (log) + family,ensemble,2,0,19.611169764869544,9.85087410771857,0.9512396878479656,251.0,40.745149634368424
curated (log) + family,ensemble,2,1,23.7975743167626,10.92734314901533,0.9339351263800937,250.0,54.396972546090446
curated (log) + family,ensemble,2,2,17.507921505435096,10.082462534539712,0.9595358033971962,250.0,32.02610768932199
curated (log) + family,ensemble,2,3,28.556583828080957,11.251199545334826,0.9106784892944255,250.0,71.987434860607
curated (log) + family,ensemble,2,4,20.864550640381175,9.796124982613168,0.9278939582601894,250.0,48.953689760025114
curated (log) + family,mlp,0,0,18.685997565064394,9.815641438676732,0.9556312053012117,251.0,42.164957529765296
curated (log) + family,mlp,0,1,31.511394187963433,14.650753626107427,0.8942032769769552,250.0,68.58637470309664
curated (log) + family,mlp,0,2,25.289059995707,13.422246715431323,0.8798176404870914,250.0,53.944991283292566
curated (log) + family,mlp,0,3,38.38209894790204,27.132114158389005,0.8162108048752444,250.0,60.79894147557227
curated (log) + family,mlp,0,4,35.66632114269525,18.01640786430593,0.8517827905596911,250.0,83.93533436938571
curated (log) + family,mlp,1,0,16.78978989499631,8.701606296855148,0.9680084697846589,251.0,22.965939651594155
curated (log) + family,mlp,1,1,20.778654742062294,11.350428383521171,0.9361462047470697,250.0,45.048039404047216
curated (log) + family,mlp,1,2,37.56404513786008,13.786828408971123,0.83909995117612,250.0,93.97573615960707
curated (log) + family,mlp,1,3,22.688458047774713,12.195718921036573,0.9344494320591724,250.0,39.67829456334028
curated (log) + family,mlp,1,4,18.19812623201982,9.779310028016674,0.9533784677497006,250.0,38.53158468663154
curated (log) + family,mlp,2,0,20.96176112472545,9.892078249399761,0.9442923274755025,251.0,45.203854677039985
curated (log) + family,mlp,2,1,25.835833430160957,14.49723503273676,0.9221335855840277,250.0,54.074158869213136
curated (log) + family,mlp,2,2,20.399406765175552,12.204332649849057,0.9450665574334632,250.0,38.319516599275666
curated (log) + family,mlp,2,3,28.149563890936125,11.441626962796617,0.9132065609696854,250.0,71.07200516421626
curated (log) + family,mlp,2,4,25.630464040146116,13.304024249540689,0.8911905732050845,250.0,53.67341304975499
curated (log) + family,ridge,0,0,22.967092813694588,14.549456018908728,0.9329718695644359,251.0,48.36671827448333
curated (log) + family,ridge,0,1,29.66543562574208,14.48781041710456,0.906235500600642,250.0,61.44475534312344
curated (log) + family,ridge,0,2,24.359825536139578,13.01648324416253,0.8884874621409171,250.0,50.19267560391296
curated (log) + family,ridge,0,3,23.29658535835906,12.831680095862511,0.9322908948028333,250.0,55.24513881335306
curated (log) + family,ridge,0,4,26.496314773025713,13.381352695764175,0.9182000666196507,250.0,58.36576912781496
curated (log) + family,ridge,1,0,20.88066839509487,12.95950530996238,0.9505195906814915,251.0,38.38117956220657
curated (log) + family,ridge,1,1,22.203264362575695,12.803724033044539,0.9270902647387089,250.0,46.72223985443231
curated (log) + family,ridge,1,2,32.04436279964621,14.45466002791634,0.8829113635208096,250.0,76.19813406024096
curated (log) + family,ridge,1,3,22.55480426048941,13.85420490064997,0.9352194514792871,250.0,40.0319305022827
curated (log) + family,ridge,1,4,20.43966664547926,12.917967842204233,0.9411859869658333,250.0,46.68237389554906
curated (log) + family,ridge,2,0,22.13516482534222,13.14686391931443,0.9378809222631154,251.0,40.10494343558051
curated (log) + family,ridge,2,1,26.361002207965203,13.930305771106607,0.9189358076677686,250.0,55.72918925642853
curated (log) + family,ridge,2,2,19.418422990576154,12.766094786546123,0.950222892729764,250.0,33.084974068333835
curated (log) + family,ridge,2,3,28.88834348036934,14.325311573570103,0.9085910261982773,250.0,68.87767857552919
curated (log) + family,ridge,2,4,23.188432901889186,12.946112535022657,0.9109371920691853,250.0,53.25110690435219
curated (log) + family,xgboost,0,0,19.00206484953937,10.95112088548151,0.9541175450348488,251.0,41.741606440973904
curated (log) + family,xgboost,0,1,36.13146492804673,13.46499617962891,0.860906088819926,250.0,83.34879142464794
curated (log) + family,xgboost,0,2,22.694297943857112,10.06866661703125,0.9032148211044517,250.0,51.38400680113886
curated (log) + family,xgboost,0,3,19.776780367941697,8.45767492738281,0.951205180545317,250.0,48.07539168572361
curated (log) + family,xgboost,0,4,29.64452418515096,12.771255973066406,0.8976068346148254,250.0,69.58611221876667
curated (log) + family,xgboost,1,0,21.729349858130433,10.280701393196741,0.9464156513933643,251.0,42.73100114783549
curated (log) + family,xgboost,1,1,25.033027130380358,10.421496285820314,0.9073215841847752,250.0,62.88213143890249
curated (log) + family,xgboost,1,2,35.589721902985154,12.136278046425781,0.8555689204743196,250.0,89.38227136891737
curated (log) + family,xgboost,1,3,20.82953915488454,10.016878057460938,0.9447508222470873,250.0,40.79089168991266
curated (log) + family,xgboost,1,4,21.24931932080154,10.300376222558592,0.9364342402499575,250.0,40.480249986783484
curated (log) + family,xgboost,2,0,20.78100398591235,10.135924729130354,0.9452489401951953,251.0,44.921316723422535
curated (log) + family,xgboost,2,1,25.14309360653578,10.638579457089845,0.926253290125958,250.0,59.58253783856821
curated (log) + family,xgboost,2,2,21.410924524614302,10.823577183867187,0.9394836701285249,250.0,43.08013516928864
curated (log) + family,xgboost,2,3,33.224840840540416,12.29477570078125,0.879088008763662,250.0,83.88933135317029
curated (log) + family,xgboost,2,4,21.23625612183321,9.341458442187497,0.9253019106885647,250.0,45.685694156991445
old 12,ensemble,0,0,18.1863130464319,12.119275992269506,0.9579724203286691,251.0,36.22814938732289
old 12,ensemble,0,1,32.52455252056947,13.998186155707398,0.8872907293899359,250.0,72.32441017949553
old 12,ensemble,0,2,23.562525953780415,11.852523800860949,0.8956676368131997,250.0,53.164688967252786
old 12,ensemble,0,3,21.285535701802306,10.965638676222596,0.9434761540784617,250.0,51.34277075746349
old 12,ensemble,0,4,30.894547968814077,16.225871673345605,0.8887895260836294,250.0,69.47515989904963
old 12,ensemble,1,0,21.202840945355895,12.297445158258956,0.9489809224960531,251.0,35.37395881391636
old 12,ensemble,1,1,20.59933189498912,12.075373587665435,0.93724358424474,250.0,45.486430396973226
old 12,ensemble,1,2,33.09554369354693,13.798734043566801,0.8751034308829598,250.0,81.48385197564112
old 12,ensemble,1,3,19.38392915560839,12.02414371550137,0.9521535055691261,250.0,33.224809431536464
old 12,ensemble,1,4,22.623598097390527,13.471028175619328,0.9279462562807305,250.0,52.49894365389207
old 12,ensemble,2,0,21.726650101496574,12.924266906461323,0.9401526369775272,251.0,44.48918248864757
old 12,ensemble,2,1,24.150552073677844,12.777648849801619,0.9319607761010672,250.0,51.81725635519793
old 12,ensemble,2,2,20.42105497839935,12.34042483952214,0.9449499028760675,250.0,43.858974857868965
old 12,ensemble,2,3,35.76818430592396,15.46943297444326,0.8598679922569779,250.0,91.87871566785489
old 12,ensemble,2,4,22.426935180730094,11.719755244980242,0.9166907087398288,250.0,51.381257441000436
old 12,mlp,0,0,18.40868519466635,10.380766647257104,0.956938356903424,251.0,35.6557506954981
old 12,mlp,0,1,33.926952939041655,14.73451887973625,0.8773615390524943,250.0,76.04907710409302
old 12,mlp,0,2,24.07613211070236,11.588001676577077,0.8910696778248467,250.0,53.33564829606041
old 12,mlp,0,3,20.196957582072663,9.683658431238147,0.9491097667788635,250.0,48.73489329959065
old 12,mlp,0,4,33.616068969267666,17.70546884751224,0.8683333296191359,250.0,62.31942919445294
old 12,mlp,1,0,17.734374410426486,9.826801350323828,0.9643075600950024,251.0,27.402633765215175
old 12,mlp,1,1,21.59341640962041,11.42212256152814,0.9310404242181549,250.0,49.182991438146864
old 12,mlp,1,2,29.27087490510428,13.411900250675288,0.9023026293191259,250.0,68.12981884014526
old 12,mlp,1,3,20.41707031491128,12.50088341220613,0.9469172584081083,250.0,34.197468595441315
old 12,mlp,1,4,24.625572708438646,14.969462360596113,0.9146298832293385,250.0,48.179234099279476
old 12,mlp,2,0,18.837885152772813,9.98971785317231,0.9550091945182431,251.0,36.1290054485139
old 12,mlp,2,1,23.703238102346496,12.497168579689669,0.934457865144763,250.0,47.49063959994362
old 12,mlp,2,2,23.354656924657668,13.275884666071816,0.9279973095836892,250.0,52.22570938331717
old 12,mlp,2,3,42.6704610878521,16.592405273034224,0.8005664469532945,250.0,112.33698741282687
old 12,mlp,2,4,22.64187898652433,12.682553822461054,0.9150861535868572,250.0,49.76887701769141
old 12,ridge,0,0,29.654061273855167,22.724050937041223,0.8882587780202467,251.0,45.042793845292536
old 12,ridge,0,1,36.38319088533582,21.201075621661104,0.8589612179568158,250.0,71.37316285668024
old 12,ridge,0,2,29.608351658691596,19.012588755849333,0.8352581976147815,250.0,59.18417090656582
old 12,ridge,0,3,31.75136446219454,19.703725772369676,0.874227028780112,250.0,70.54347811088701
old 12,ridge,0,4,39.04483183317618,22.79325040452162,0.8223729454575659,250.0,85.99047001202796
old 12,ridge,1,0,33.12612926028665,21.46162520690797,0.8754665914625106,251.0,56.44153977320989
old 12,ridge,1,1,27.919465717500426,19.927739255418714,0.8847167881083245,250.0,51.39385658284411
old 12,ridge,1,2,40.085215624047464,20.948530139139404,0.8167770308919716,250.0,94.65515742676334
old 12,ridge,1,3,27.37649215492166,20.534844728705067,0.9045618317109225,250.0,41.72083659159768
old 12,ridge,1,4,31.578721386980398,21.708103895191947,0.859614491456336,250.0,71.21935642484996
old 12,ridge,2,0,31.185562497244113,21.18102696555616,0.876698987583715,251.0,62.067669398962806
old 12,ridge,2,1,33.95467510991611,21.57275719374459,0.8655055436599057,250.0,61.096505319809324
old 12,ridge,2,2,27.60753985793156,20.086888317972612,0.8993862916744836,250.0,43.23741856098777
old 12,ridge,2,3,37.985097025462096,21.936847395181488,0.8419589031498591,250.0,85.18419212090613
old 12,ridge,2,4,30.738464815831605,19.639409726892982,0.8434987065588092,250.0,64.7014111846684
old 12,xgboost,0,0,17.890323656734413,10.624881546100754,0.9593293184508824,251.0,38.01642746176878
old 12,xgboost,0,1,35.31630832336041,12.73012563982422,0.8671114452029212,250.0,80.82782800936283
old 12,xgboost,0,2,23.487552443826583,10.918124555039059,0.8963305299876757,250.0,58.06908055377156
old 12,xgboost,0,3,20.18834002156993,8.726561218378906,0.9491531848137487,250.0,49.80411029675398
old 12,xgboost,0,4,30.775945664106853,13.948472200878907,0.8896417477163147,250.0,76.37214342891109
old 12,xgboost,1,0,21.72563868453703,10.765762742389812,0.9464339532605682,251.0,43.376599066307364
old 12,xgboost,1,1,21.132581323752337,10.335668698203127,0.9339524124230445,250.0,51.663692374941085
old 12,xgboost,1,2,38.0932156850034,13.493071524589842,0.8345347728577377,250.0,95.60937733941476
old 12,xgboost,1,3,20.57554618269908,10.624408751679686,0.9460900112683835,250.0,39.91348980623227
old 12,xgboost,1,4,21.990336465445296,10.950301936796878,0.9319235429826457,250.0,55.73018734862021
old 12,xgboost,2,0,24.286480582570032,11.987153284168016,0.9252194511956777,251.0,53.62947973970733
old 12,xgboost,2,1,23.85961715059183,11.040733024511718,0.9335902008851565,250.0,58.41630265517945
old 12,xgboost,2,2,23.004322667388717,10.917220149160155,0.9301412771703398,250.0,54.144662830335584
old 12,xgboost,2,3,33.44639728272467,12.21073195078125,0.8774700536915011,250.0,88.17340856904667
old 12,xgboost,2,4,21.96089638445427,10.435567409648437,0.9201171207633496,250.0,50.64725123846899
