cmpdname,label,category,evidence,exclude
(2R)-2-methylpentadecan-1-ol,657.42,Joback estimate,label equals the Joback group-contribution estimate (657.42 K),True
(2S)-2-butoxybutan-1-ol,496.8,Joback estimate,label equals the Joback group-contribution estimate (496.80 K),True
"(2Z,6E)-Farnesol",647.1,Joback estimate,label equals the Joback group-contribution estimate (647.10 K),True
(3R)-oct-1-en-3-ol,471.06,Joback estimate,label equals the Joback group-contribution estimate (471.06 K),True
"(E)-2,6,10-Trimethylundeca-5,9-dienol",619.74,Joback estimate,label equals the Joback group-contribution estimate (619.74 K),True
"(R)-butane-1,3-diol",475.04,Joback estimate,label equals the Joback group-contribution estimate (475.04 K),True
"(S)-butane-1,3-diol",475.04,Joback estimate,label equals the Joback group-contribution estimate (475.04 K),True
"(Z,E)-alpha-Farnesene",551.6,Joback estimate,label equals the Joback group-contribution estimate (551.60 K),True
"(r)-Butane-1,2,4-triol",567.22,Joback estimate,label equals the Joback group-contribution estimate (567.22 K),True
"1,1,2,2-Tetra-t-butylethane",597.64,Joback estimate,label equals the Joback group-contribution estimate (597.64 K),True
"1,10-Undecadiyne",431.52,Joback estimate,label equals the Joback group-contribution estimate (431.52 K),True
"1,12-Dodecanediol",658.52,Joback estimate,label equals the Joback group-contribution estimate (658.52 K),True
"1,12-Tridecadiene",490.4,Joback estimate,label equals the Joback group-contribution estimate (490.40 K),True
"1,14-Tetradecanediol",704.28,Joback estimate,label equals the Joback group-contribution estimate (704.28 K),True
"1,15-Hexadecadiene",559.04,Joback estimate,label equals the Joback group-contribution estimate (559.04 K),True
"1,16-Hexadecanediol",750.04,Joback estimate,label equals the Joback group-contribution estimate (750.04 K),True
"1,19-Eicosadiene",650.56,Joback estimate,label equals the Joback group-contribution estimate (650.56 K),True
"1,2,3-Butatriene",286.86,Joback estimate,label equals the Joback group-contribution estimate (286.86 K),True
"1,2,3-Pentatriene",317.22,Joback estimate,label equals the Joback group-contribution estimate (317.22 K),True
"1,2,4,5-Hexatetraene",336.78,Joback estimate,label equals the Joback group-contribution estimate (336.78 K),True
"1,2,4-Butanetriol",567.22,Joback estimate,label equals the Joback group-contribution estimate (567.22 K),True
"1,2,4-Pentatriene",310.63,Joback estimate,label equals the Joback group-contribution estimate (310.63 K),True
"1,2-Dodecanediol",658.08,Joback estimate,label equals the Joback group-contribution estimate (658.08 K),True
"1,2-Hexadecanediol",749.6,Joback estimate,label equals the Joback group-contribution estimate (749.60 K),True
"1,2-Nonadiene",405.47,Joback estimate,label equals the Joback group-contribution estimate (405.47 K),True
"1,2-Octanediol",566.56,Joback estimate,label equals the Joback group-contribution estimate (566.56 K),True
"1,2-Tetradecanediol",703.84,Joback estimate,label equals the Joback group-contribution estimate (703.84 K),True
"1,20-Eicosanediol",841.56,Joback estimate,label equals the Joback group-contribution estimate (841.56 K),True
"1,3-Hexanediol",520.8,Joback estimate,label equals the Joback group-contribution estimate (520.80 K),True
"1,3-Octanediol",566.56,Joback estimate,label equals the Joback group-contribution estimate (566.56 K),True
"1,3-Pentanediol",497.92,Joback estimate,label equals the Joback group-contribution estimate (497.92 K),True
"1,4,7-Heptanetriol",635.86,Joback estimate,label equals the Joback group-contribution estimate (635.86 K),True
"1,4,7-Trimethyldiethylenetriamine",472.54,Joback estimate,label equals the Joback group-contribution estimate (472.54 K),True
"1,9-Nonanediol",589.88,Joback estimate,label equals the Joback group-contribution estimate (589.88 K),True
1-(2-Butoxy-1-methylethoxy)propan-2-ol,564.54,Joback estimate,label equals the Joback group-contribution estimate (564.54 K),True
1-(2-Methoxypropoxy)-2-propanol,495.9,Joback estimate,label equals the Joback group-contribution estimate (495.90 K),True
1-Heneicosene,676.76,Joback estimate,label equals the Joback group-contribution estimate (676.76 K),True
1-Hexacosanol,886.66,Joback estimate,label equals the Joback group-contribution estimate (886.66 K),True
1-Nonen-4-ol,493.94,Joback estimate,label equals the Joback group-contribution estimate (493.94 K),True
1-O-Hexadecyl-sn-glycerol,840.66,Joback estimate,label equals the Joback group-contribution estimate (840.66 K),True
1-O-Octadecyl-sn-glycerol,886.42,Joback estimate,label equals the Joback group-contribution estimate (886.42 K),True
1-Octacosanol,932.42,Joback estimate,label equals the Joback group-contribution estimate (932.42 K),True
1-Octyn-3-OL,464.5,Joback estimate,label equals the Joback group-contribution estimate (464.50 K),True
1-Undecyn-4-ol,533.14,Joback estimate,label equals the Joback group-contribution estimate (533.14 K),True
10-Methyl-1-undecene,470.4,Joback estimate,label equals the Joback group-contribution estimate (470.40 K),True
10-Methylicosane,679.64,Joback estimate,label equals the Joback group-contribution estimate (679.64 K),True
10-Methylnonadecane,656.76,Joback estimate,label equals the Joback group-contribution estimate (656.76 K),True
10-Nonadecanamine,706.41,Joback estimate,label equals the Joback group-contribution estimate (706.41 K),True
10-Undecyn-1-ol,533.58,Joback estimate,label equals the Joback group-contribution estimate (533.58 K),True
"11,15-Dimethylhentriacontane",953.76,Joback estimate,label equals the Joback group-contribution estimate (953.76 K),True
"11,15-Dimethylpentatriacontane",1045.28,Joback estimate,label equals the Joback group-contribution estimate (1045.28 K),True
"11,15-Dimethyltritriacontane",999.52,Joback estimate,label equals the Joback group-contribution estimate (999.52 K),True
11-Dodecen-1-ol,563.02,Joback estimate,label equals the Joback group-contribution estimate (563.02 K),True
11-Methylhentriacontane,931.32,Joback estimate,label equals the Joback group-contribution estimate (931.32 K),True
11-Methylheptacosane,839.8,Joback estimate,label equals the Joback group-contribution estimate (839.80 K),True
11-Methylnonacosane,885.56,Joback estimate,label equals the Joback group-contribution estimate (885.56 K),True
12-Methyldotriacontane,954.2,Joback estimate,label equals the Joback group-contribution estimate (954.20 K),True
12-Methyltridecan-1-ol,611.66,Joback estimate,label equals the Joback group-contribution estimate (611.66 K),True
"13,17,21-Trimethylheptatriacontane",1113.48,Joback estimate,label equals the Joback group-contribution estimate (1113.48 K),True
"13,17-Dimethylhentriacontane",953.76,Joback estimate,label equals the Joback group-contribution estimate (953.76 K),True
13-Methylheptacosane,839.8,Joback estimate,label equals the Joback group-contribution estimate (839.80 K),True
13-Methylnonacosane,885.56,Joback estimate,label equals the Joback group-contribution estimate (885.56 K),True
13-Methyltritriacontane,977.08,Joback estimate,label equals the Joback group-contribution estimate (977.08 K),True
13-Tetradecen-1-ol,608.78,Joback estimate,label equals the Joback group-contribution estimate (608.78 K),True
14-Methyldotriacontane,954.2,Joback estimate,label equals the Joback group-contribution estimate (954.20 K),True
"15,19-Dimethylheptatriacontane",1091.04,Joback estimate,label equals the Joback group-contribution estimate (1091.04 K),True
"15,19-Dimethylpentatriacontane",1045.28,Joback estimate,label equals the Joback group-contribution estimate (1045.28 K),True
"15,19-Dimethyltritriacontane",999.52,Joback estimate,label equals the Joback group-contribution estimate (999.52 K),True
16-Methylheptadecan-1-ol,703.18,Joback estimate,label equals the Joback group-contribution estimate (703.18 K),True
17-Methyltritriacontane,977.08,Joback estimate,label equals the Joback group-contribution estimate (977.08 K),True
17-n-Hexadecyltetratriacontane,1343.16,Joback estimate,label equals the Joback group-contribution estimate (1343.16 K),True
"2,11-Dimethyl-2,11-dodecanediol",697.82,Joback estimate,label equals the Joback group-contribution estimate (697.82 K),True
"2,11-Dimethyldodecane",519.04,Joback estimate,label equals the Joback group-contribution estimate (519.04 K),True
"2,2,3-Trimethyldecane",493.37,Joback estimate,label equals the Joback group-contribution estimate (493.37 K),True
"2,2,4,10,12,12-Hexamethyl-7-(3,5,5-trimethylhexyl)tridecane",828.79,Joback estimate,label equals the Joback group-contribution estimate (828.79 K),True
"2,2,5-Trimethylheptan-4-ol",516.47,Joback estimate,label equals the Joback group-contribution estimate (516.47 K),True
"2,2,7,7-Tetramethyl-3,4-octadiene",475.13,Joback estimate,label equals the Joback group-contribution estimate (475.13 K),True
"2,2,8-Trimethyldecane",493.37,Joback estimate,label equals the Joback group-contribution estimate (493.37 K),True
"2,2-Dimethyl-3-heptanol",494.03,Joback estimate,label equals the Joback group-contribution estimate (494.03 K),True
"2,2-Dimethylbutane-1,4-diol",518.01,Joback estimate,label equals the Joback group-contribution estimate (518.01 K),True
"2,3,3-Trimethyl-1,4-pentadiene",372.65,Joback estimate,label equals the Joback group-contribution estimate (372.65 K),True
"2,3,4-Trimethylhexan-2-ol",493.59,Joback estimate,label equals the Joback group-contribution estimate (493.59 K),True
"2,3,5-Trimethylhexan-3-ol",493.59,Joback estimate,label equals the Joback group-contribution estimate (493.59 K),True
"2,3-Dihydrofarnesol",642.62,Joback estimate,label equals the Joback group-contribution estimate (642.62 K),True
"2,3-Dimethyl-1,4-pentadiene",352.56,Joback estimate,label equals the Joback group-contribution estimate (352.56 K),True
"2,3-Dimethyl-3-hexene",386.24,Joback estimate,label equals the Joback group-contribution estimate (386.24 K),True
"2,3-Divinylbutadiene",369.12,Joback estimate,label equals the Joback group-contribution estimate (369.12 K),True
"2,4,4-Trimethylhexan-2-ol",491.24,Joback estimate,label equals the Joback group-contribution estimate (491.24 K),True
"2,4-Dimethyl-1,4-pentadiene",352.88,Joback estimate,label equals the Joback group-contribution estimate (352.88 K),True
"2,4-Dimethyl-1-heptene",401.64,Joback estimate,label equals the Joback group-contribution estimate (401.64 K),True
"2,4-Dimethyl-2,4-pentanediol",537.66,Joback estimate,label equals the Joback group-contribution estimate (537.66 K),True
"2,4-Dimethyl-3-heptanol",496.38,Joback estimate,label equals the Joback group-contribution estimate (496.38 K),True
"2,4-Dimethyl-4-octanol",516.91,Joback estimate,label equals the Joback group-contribution estimate (516.91 K),True
"2,4-Heptanediol",543.24,Joback estimate,label equals the Joback group-contribution estimate (543.24 K),True
"2,4-Octanediol",566.12,Joback estimate,label equals the Joback group-contribution estimate (566.12 K),True
"2,5,5-Trimethylhexan-3-ol",493.59,Joback estimate,label equals the Joback group-contribution estimate (493.59 K),True
"2,5-Dimethyl-4-octanol",519.26,Joback estimate,label equals the Joback group-contribution estimate (519.26 K),True
"2,6,10,14-Tetramethyl-2-hexadecene",659.92,Joback estimate,label equals the Joback group-contribution estimate (659.92 K),True
"2,6,10,14-Tetramethylheptadecane",678.32,Joback estimate,label equals the Joback group-contribution estimate (678.32 K),True
"2,6,10,14-Tetramethylnonadecane",724.08,Joback estimate,label equals the Joback group-contribution estimate (724.08 K),True
"2,6,10,14-Tetramethyloctadecane",701.2,Joback estimate,label equals the Joback group-contribution estimate (701.20 K),True
"2,6,10,15-Tetramethylheptadecane",678.32,Joback estimate,label equals the Joback group-contribution estimate (678.32 K),True
"2,6,10-Trimethylhexadecane",633.0,Joback estimate,label equals the Joback group-contribution estimate (633.00 K),True
"2,6,10-Trimethylpentadecane",610.12,Joback estimate,label equals the Joback group-contribution estimate (610.12 K),True
"2,6,10-Trimethyltetradecane",587.24,Joback estimate,label equals the Joback group-contribution estimate (587.24 K),True
"2,6,11-Trimethyldodecane",541.48,Joback estimate,label equals the Joback group-contribution estimate (541.48 K),True
"2,6-Dimethyl 1,7-octadiene",421.2,Joback estimate,label equals the Joback group-contribution estimate (421.20 K),True
"2,6-Dimethyl-1-octanol",519.7,Joback estimate,label equals the Joback group-contribution estimate (519.70 K),True
"2,6-Dimethyl-2,5-heptadiene",413.6,Joback estimate,label equals the Joback group-contribution estimate (413.60 K),True
"2,6-Dimethyl-5-hepten-1-ol",501.3,Joback estimate,label equals the Joback group-contribution estimate (501.30 K),True
"2,6-Dimethyl-6-hepten-2-ol",491.03,Joback estimate,label equals the Joback group-contribution estimate (491.03 K),True
"2,6-Dimethyloct-7-ene-2,6-diol",602.98,Joback estimate,label equals the Joback group-contribution estimate (602.98 K),True
"2,6-Dimethylocta-1,7-diene-3,6-diol",602.33,Joback estimate,label equals the Joback group-contribution estimate (602.33 K),True
"2,6-Dimethylocta-2,6-diene",436.48,Joback estimate,label equals the Joback group-contribution estimate (436.48 K),True
"2,6-Dimethyloctan-2-ol",516.91,Joback estimate,label equals the Joback group-contribution estimate (516.91 K),True
"2,6-Dimethylundecane",496.16,Joback estimate,label equals the Joback group-contribution estimate (496.16 K),True
"2,7-Dimethyl-1-octanol",519.7,Joback estimate,label equals the Joback group-contribution estimate (519.70 K),True
"2,7-Dimethyl-2,7-octanediol",606.3,Joback estimate,label equals the Joback group-contribution estimate (606.30 K),True
"2,7-Dimethyloctan-2-ol",516.91,Joback estimate,label equals the Joback group-contribution estimate (516.91 K),True
"2,7-Dimethylundecane",496.16,Joback estimate,label equals the Joback group-contribution estimate (496.16 K),True
"2,8-Dimethyl-1,8-nonadiene",444.4,Joback estimate,label equals the Joback group-contribution estimate (444.40 K),True
"2,8-Dimethylundecane",496.16,Joback estimate,label equals the Joback group-contribution estimate (496.16 K),True
"2,9-Dimethylundecane",496.16,Joback estimate,label equals the Joback group-contribution estimate (496.16 K),True
2-(2-Ethylbutoxy)ethanol,496.8,Joback estimate,label equals the Joback group-contribution estimate (496.80 K),True
2-(2-Hydroxypropoxy)propan-1-ol,542.78,Joback estimate,label equals the Joback group-contribution estimate (542.78 K),True
2-(2-Octoxyethoxy)ethanol,611.18,Joback estimate,label equals the Joback group-contribution estimate (611.18 K),True
2-(2-{2-[2-(2-Methoxy-ethoxy)-ethoxy]-ethoxy}-ethoxy)-ethanol,655.56,Joback estimate,label equals the Joback group-contribution estimate (655.56 K),True
2-(Decyloxy)ethanol,588.76,Joback estimate,label equals the Joback group-contribution estimate (588.76 K),True
2-(Dodecyloxy)ethanol,634.52,Joback estimate,label equals the Joback group-contribution estimate (634.52 K),True
2-(Octadecyloxy)ethanol,771.8,Joback estimate,label equals the Joback group-contribution estimate (771.80 K),True
2-(Octyloxy)ethanol,543.0,Joback estimate,label equals the Joback group-contribution estimate (543.00 K),True
2-(Tetradecyloxy)ethanol,680.28,Joback estimate,label equals the Joback group-contribution estimate (680.28 K),True
2-(Tridecyloxy)ethanol,657.4,Joback estimate,label equals the Joback group-contribution estimate (657.40 K),True
"2-Ethyl-1,3-butanediol",520.36,Joback estimate,label equals the Joback group-contribution estimate (520.36 K),True
2-Ethylhex-2-enol,478.86,Joback estimate,label equals the Joback group-contribution estimate (478.86 K),True
2-Hexyl-1-decanol,657.42,Joback estimate,label equals the Joback group-contribution estimate (657.42 K),True
"2-Isopropylpropane-1,3-diol",520.36,Joback estimate,label equals the Joback group-contribution estimate (520.36 K),True
2-Methyl-1-hepten-3-ol,470.94,Joback estimate,label equals the Joback group-contribution estimate (470.94 K),True
2-Methyl-1-hexadecanol,680.3,Joback estimate,label equals the Joback group-contribution estimate (680.30 K),True
2-Methyl-1-nonadecene,653.76,Joback estimate,label equals the Joback group-contribution estimate (653.76 K),True
2-Methyl-1-undecanol,565.9,Joback estimate,label equals the Joback group-contribution estimate (565.90 K),True
2-Methyl-2-decanol,540.23,Joback estimate,label equals the Joback group-contribution estimate (540.23 K),True
2-Methyl-5-undecanol,565.46,Joback estimate,label equals the Joback group-contribution estimate (565.46 K),True
2-Methyl-6-methyleneoct-7-en-4-ol,512.94,Joback estimate,label equals the Joback group-contribution estimate (512.94 K),True
"2-Methyl-6-methyleneocta-2,7-dien-4-ol",517.42,Joback estimate,label equals the Joback group-contribution estimate (517.42 K),True
2-Methyldocosane,725.4,Joback estimate,label equals the Joback group-contribution estimate (725.40 K),True
2-Methyldotriacontane,954.2,Joback estimate,label equals the Joback group-contribution estimate (954.20 K),True
2-Methyleicosane,679.64,Joback estimate,label equals the Joback group-contribution estimate (679.64 K),True
2-Methylhenicosane,702.52,Joback estimate,label equals the Joback group-contribution estimate (702.52 K),True
2-Methyloctacosane,862.68,Joback estimate,label equals the Joback group-contribution estimate (862.68 K),True
2-Methyloctan-1-ol,497.26,Joback estimate,label equals the Joback group-contribution estimate (497.26 K),True
2-Methyltritriacontane,977.08,Joback estimate,label equals the Joback group-contribution estimate (977.08 K),True
"2-Propylpropane-1,3-diol",520.8,Joback estimate,label equals the Joback group-contribution estimate (520.80 K),True
2-Undecanamine,523.37,Joback estimate,label equals the Joback group-contribution estimate (523.37 K),True
"3,3,6-Trimethylhepta-1,5-dien-4-ol",517.63,Joback estimate,label equals the Joback group-contribution estimate (517.63 K),True
"3,3-Diethoxy-1-propanol",496.34,Joback estimate,label equals the Joback group-contribution estimate (496.34 K),True
"3,3-Dimethyl-1-hexanol",471.59,Joback estimate,label equals the Joback group-contribution estimate (471.59 K),True
"3,3-Dimethyl-2-ethyl-1-butanol",471.15,Joback estimate,label equals the Joback group-contribution estimate (471.15 K),True
"3,3-Dimethylundecane",493.81,Joback estimate,label equals the Joback group-contribution estimate (493.81 K),True
"3,4-Dimethylundecane",496.16,Joback estimate,label equals the Joback group-contribution estimate (496.16 K),True
"3,5,5-Trimethylhexan-3-ol",491.24,Joback estimate,label equals the Joback group-contribution estimate (491.24 K),True
"3,5-Dimethyl-3,5-diethylheptane",490.58,Joback estimate,label equals the Joback group-contribution estimate (490.58 K),True
"3,5-Dimethyl-3-heptanol",494.03,Joback estimate,label equals the Joback group-contribution estimate (494.03 K),True
"3,5-Dimethyl-3-heptene",409.12,Joback estimate,label equals the Joback group-contribution estimate (409.12 K),True
"3,5-Dimethyl-3-octanol",516.91,Joback estimate,label equals the Joback group-contribution estimate (516.91 K),True
"3,5-Dimethylundecane",496.16,Joback estimate,label equals the Joback group-contribution estimate (496.16 K),True
"3,6,9,12,15-Pentaoxaheptadecan-1-ol",678.44,Joback estimate,label equals the Joback group-contribution estimate (678.44 K),True
"3,6,9,12,15-Pentaoxanonadecan-1-ol",724.2,Joback estimate,label equals the Joback group-contribution estimate (724.20 K),True
"3,6-Dimethylundecane",496.16,Joback estimate,label equals the Joback group-contribution estimate (496.16 K),True
"3,7,11,15-Tetramethyl-2-hexadecen-1-OL",752.1,Joback estimate,label equals the Joback group-contribution estimate (752.10 K),True
"3,7,11,15-Tetramethylhexadec-1-yn-3-ol",734.95,Joback estimate,label equals the Joback group-contribution estimate (734.95 K),True
"3,7,11,15-Tetramethylhexadecan-3-ol",744.83,Joback estimate,label equals the Joback group-contribution estimate (744.83 K),True
"3,7,11-Trimethyl-1-dodecanol",633.66,Joback estimate,label equals the Joback group-contribution estimate (633.66 K),True
"3,7,11-Trimethyl-1-dodecyn-3-ol",620.99,Joback estimate,label equals the Joback group-contribution estimate (620.99 K),True
"3,7,11-Trimethyldodeca-6,10-dien-1-yn-3-ol",629.95,Joback estimate,label equals the Joback group-contribution estimate (629.95 K),True
"3,7,11-Trimethyldodecan-3-ol",630.87,Joback estimate,label equals the Joback group-contribution estimate (630.87 K),True
"3,7-Dimethyl-1,7-octadien-3-ol",510.59,Joback estimate,label equals the Joback group-contribution estimate (510.59 K),True
"3,7-Dimethyl-1-octen-3-ol",513.59,Joback estimate,label equals the Joback group-contribution estimate (513.59 K),True
"3,7-Dimethyloct-6-en-1-yn-3-ol",511.51,Joback estimate,label equals the Joback group-contribution estimate (511.51 K),True
"3,7-Dimethyloct-7-en-1-ol",516.7,Joback estimate,label equals the Joback group-contribution estimate (516.70 K),True
"3,7-Dimethylundecane",496.16,Joback estimate,label equals the Joback group-contribution estimate (496.16 K),True
"3,8-Dimethylundecane",496.16,Joback estimate,label equals the Joback group-contribution estimate (496.16 K),True
"3,9-Dimethylundecane",496.16,Joback estimate,label equals the Joback group-contribution estimate (496.16 K),True
"3-(Hexyloxy)propane-1,2-diol",611.86,Joback estimate,label equals the Joback group-contribution estimate (611.86 K),True
3-Dodecanol,565.9,Joback estimate,label equals the Joback group-contribution estimate (565.90 K),True
"3-Dodecyloxypropane-1,2-diol",749.14,Joback estimate,label equals the Joback group-contribution estimate (749.14 K),True
3-Ethyl-2-methyl-1-heptene,424.52,Joback estimate,label equals the Joback group-contribution estimate (424.52 K),True
3-Ethyl-3-methyl-2-pentanol,471.15,Joback estimate,label equals the Joback group-contribution estimate (471.15 K),True
3-Ethyltetracosane,794.04,Joback estimate,label equals the Joback group-contribution estimate (794.04 K),True
3-Ethyltridecane,542.36,Joback estimate,label equals the Joback group-contribution estimate (542.36 K),True
3-Ethylundecane,496.6,Joback estimate,label equals the Joback group-contribution estimate (496.60 K),True
"3-Isopropenyl-2,5-dimethyl-3,4-hexadien-2-ol",543.98,Joback estimate,label equals the Joback group-contribution estimate (543.98 K),True
3-Methyl-2-octanol,496.82,Joback estimate,label equals the Joback group-contribution estimate (496.82 K),True
3-Methyl-5-propylnonane,496.16,Joback estimate,label equals the Joback group-contribution estimate (496.16 K),True
3-Methyl-6-hepten-1-yn-3-ol,458.39,Joback estimate,label equals the Joback group-contribution estimate (458.39 K),True
3-Methyleicosane,679.64,Joback estimate,label equals the Joback group-contribution estimate (679.64 K),True
3-Methylheneicosane,702.52,Joback estimate,label equals the Joback group-contribution estimate (702.52 K),True
3-Methylnonacosane,885.56,Joback estimate,label equals the Joback group-contribution estimate (885.56 K),True
3-Methyloctan-1-OL,497.26,Joback estimate,label equals the Joback group-contribution estimate (497.26 K),True
"3-Methylpentane-2,3-diol",517.57,Joback estimate,label equals the Joback group-contribution estimate (517.57 K),True
3-Methyltritriacontane,977.08,Joback estimate,label equals the Joback group-contribution estimate (977.08 K),True
"3-Tert-butoxy-1,2-propanediol",562.87,Joback estimate,label equals the Joback group-contribution estimate (562.87 K),True
3-Tetradecanol,611.66,Joback estimate,label equals the Joback group-contribution estimate (611.66 K),True
3-Tridecanol,588.78,Joback estimate,label equals the Joback group-contribution estimate (588.78 K),True
"4,4,6,6-Tetramethylnonane",490.58,Joback estimate,label equals the Joback group-contribution estimate (490.58 K),True
"4,4-Dimethylundecane",493.81,Joback estimate,label equals the Joback group-contribution estimate (493.81 K),True
"4,4-Dipropylheptane",493.81,Joback estimate,label equals the Joback group-contribution estimate (493.81 K),True
"4,5-Dimethylundecane",496.16,Joback estimate,label equals the Joback group-contribution estimate (496.16 K),True
"4,6-Diethyl-4,6-dimethylnonane",536.34,Joback estimate,label equals the Joback group-contribution estimate (536.34 K),True
"4,6-Dimethyl-4-octanol",516.91,Joback estimate,label equals the Joback group-contribution estimate (516.91 K),True
"4,6-Dimethylundecane",496.16,Joback estimate,label equals the Joback group-contribution estimate (496.16 K),True
"4,7-Dimethylundecane",496.16,Joback estimate,label equals the Joback group-contribution estimate (496.16 K),True
"4,8,12-Trioxatridecan-1-ol",587.84,Joback estimate,label equals the Joback group-contribution estimate (587.84 K),True
"4,8-Dimethyltridecane",541.92,Joback estimate,label equals the Joback group-contribution estimate (541.92 K),True
"4,8-Dimethylundecane",496.16,Joback estimate,label equals the Joback group-contribution estimate (496.16 K),True
"4-Allyl-1,6-heptadien-4-ol",507.39,Joback estimate,label equals the Joback group-contribution estimate (507.39 K),True
4-Ethyltetradecane,565.24,Joback estimate,label equals the Joback group-contribution estimate (565.24 K),True
4-Methoxybutan-1-ol,428.6,Joback estimate,label equals the Joback group-contribution estimate (428.60 K),True
4-Methyl-1-decene,447.52,Joback estimate,label equals the Joback group-contribution estimate (447.52 K),True
4-Methyl-1-octene,401.76,Joback estimate,label equals the Joback group-contribution estimate (401.76 K),True
4-Methyl-3-octanol,496.82,Joback estimate,label equals the Joback group-contribution estimate (496.82 K),True
4-Methyl-4-nonanol,517.35,Joback estimate,label equals the Joback group-contribution estimate (517.35 K),True
4-Methyl-hept-1-en-4-ol,468.27,Joback estimate,label equals the Joback group-contribution estimate (468.27 K),True
4-Methylheptadecane,611.0,Joback estimate,label equals the Joback group-contribution estimate (611.00 K),True
4-Methylhexadecane,588.12,Joback estimate,label equals the Joback group-contribution estimate (588.12 K),True
4-Methylnonadecane,656.76,Joback estimate,label equals the Joback group-contribution estimate (656.76 K),True
4-Methyloctadecane,633.88,Joback estimate,label equals the Joback group-contribution estimate (633.88 K),True
4-Methylpentadecane,565.24,Joback estimate,label equals the Joback group-contribution estimate (565.24 K),True
4-Methyltetradecane,542.36,Joback estimate,label equals the Joback group-contribution estimate (542.36 K),True
4-Methyltridecane,519.48,Joback estimate,label equals the Joback group-contribution estimate (519.48 K),True
4-Tetradecanol,611.66,Joback estimate,label equals the Joback group-contribution estimate (611.66 K),True
4-Tridecanol,588.78,Joback estimate,label equals the Joback group-contribution estimate (588.78 K),True
4-Undecanol,543.02,Joback estimate,label equals the Joback group-contribution estimate (543.02 K),True
"5,5,7,7-Tetramethylundecane",536.34,Joback estimate,label equals the Joback group-contribution estimate (536.34 K),True
"5,5-Dibutylnonane",585.33,Joback estimate,label equals the Joback group-contribution estimate (585.33 K),True
"5,5-Dimethylundecane",493.81,Joback estimate,label equals the Joback group-contribution estimate (493.81 K),True
"5,6-Dimethylundecane",496.16,Joback estimate,label equals the Joback group-contribution estimate (496.16 K),True
"5,7-Dimethylundecane",496.16,Joback estimate,label equals the Joback group-contribution estimate (496.16 K),True
5-Dodecanol,565.9,Joback estimate,label equals the Joback group-contribution estimate (565.90 K),True
5-Ethyl-1-heptanol,497.26,Joback estimate,label equals the Joback group-contribution estimate (497.26 K),True
5-Hexyn-1-ol,419.18,Joback estimate,label equals the Joback group-contribution estimate (419.18 K),True
5-Methyl-4-nonanol,519.7,Joback estimate,label equals the Joback group-contribution estimate (519.70 K),True
5-Methyl-4-octanol,496.82,Joback estimate,label equals the Joback group-contribution estimate (496.82 K),True
5-Methyldodecane,496.6,Joback estimate,label equals the Joback group-contribution estimate (496.60 K),True
"5-Methylhexane-1,5-diol",540.89,Joback estimate,label equals the Joback group-contribution estimate (540.89 K),True
5-Methyloctan-2-OL,496.82,Joback estimate,label equals the Joback group-contribution estimate (496.82 K),True
5-Methylpentadecane,565.24,Joback estimate,label equals the Joback group-contribution estimate (565.24 K),True
5-Methyltetradecane,542.36,Joback estimate,label equals the Joback group-contribution estimate (542.36 K),True
5-Propyltridecane,565.24,Joback estimate,label equals the Joback group-contribution estimate (565.24 K),True
5-Tetradecanol,611.66,Joback estimate,label equals the Joback group-contribution estimate (611.66 K),True
5-Tridecanol,588.78,Joback estimate,label equals the Joback group-contribution estimate (588.78 K),True
"6,6-Dimethylheptan-1-ol",494.47,Joback estimate,label equals the Joback group-contribution estimate (494.47 K),True
"6,6-Dimethylundecane",493.81,Joback estimate,label equals the Joback group-contribution estimate (493.81 K),True
6-Dodecanol,565.9,Joback estimate,label equals the Joback group-contribution estimate (565.90 K),True
6-Ethyl-3-octanol,519.7,Joback estimate,label equals the Joback group-contribution estimate (519.70 K),True
6-Methyl-2-nonanol,519.7,Joback estimate,label equals the Joback group-contribution estimate (519.70 K),True
6-Methyl-4-octanol,496.82,Joback estimate,label equals the Joback group-contribution estimate (496.82 K),True
6-Methyloctan-3-ol,496.82,Joback estimate,label equals the Joback group-contribution estimate (496.82 K),True
6-Methyltridecane,519.48,Joback estimate,label equals the Joback group-contribution estimate (519.48 K),True
6-Tetradecanol,611.66,Joback estimate,label equals the Joback group-contribution estimate (611.66 K),True
6-Tridecanol,588.78,Joback estimate,label equals the Joback group-contribution estimate (588.78 K),True
"7,11-Dimethyloctadecane",656.32,Joback estimate,label equals the Joback group-contribution estimate (656.32 K),True
7-Hexyltridecane,633.88,Joback estimate,label equals the Joback group-contribution estimate (633.88 K),True
7-Methyl-1-undecene,470.4,Joback estimate,label equals the Joback group-contribution estimate (470.40 K),True
7-Methyl-2-octanol,496.82,Joback estimate,label equals the Joback group-contribution estimate (496.82 K),True
7-Methyl-3-methylene-6-octen-1-ol,521.18,Joback estimate,label equals the Joback group-contribution estimate (521.18 K),True
7-Methylheptadecane,611.0,Joback estimate,label equals the Joback group-contribution estimate (611.00 K),True
7-Methylhexadecane,588.12,Joback estimate,label equals the Joback group-contribution estimate (588.12 K),True
7-Methylnonan-1-ol,520.14,Joback estimate,label equals the Joback group-contribution estimate (520.14 K),True
7-Methylpentadecane,565.24,Joback estimate,label equals the Joback group-contribution estimate (565.24 K),True
7-Methyltetradecane,542.36,Joback estimate,label equals the Joback group-contribution estimate (542.36 K),True
7-Methyltridecane,519.48,Joback estimate,label equals the Joback group-contribution estimate (519.48 K),True
7-Octen-4-OL,471.06,Joback estimate,label equals the Joback group-contribution estimate (471.06 K),True
7-Tridecanol,588.78,Joback estimate,label equals the Joback group-contribution estimate (588.78 K),True
7-n-Propyltridecane,565.24,Joback estimate,label equals the Joback group-contribution estimate (565.24 K),True
8-Methyl-1-decene,447.52,Joback estimate,label equals the Joback group-contribution estimate (447.52 K),True
8-Methyl-1-nonene,424.64,Joback estimate,label equals the Joback group-contribution estimate (424.64 K),True
8-Methyl-1-undecene,470.4,Joback estimate,label equals the Joback group-contribution estimate (470.40 K),True
8-Methylheptadecane,611.0,Joback estimate,label equals the Joback group-contribution estimate (611.00 K),True
8-Methylpentadecane,565.24,Joback estimate,label equals the Joback group-contribution estimate (565.24 K),True
9-Heptadecanol,680.3,Joback estimate,label equals the Joback group-contribution estimate (680.30 K),True
9-Methyldecan-1-ol,543.02,Joback estimate,label equals the Joback group-contribution estimate (543.02 K),True
9-Methylnonadecane,656.76,Joback estimate,label equals the Joback group-contribution estimate (656.76 K),True
9-Methyltritriacontane,977.08,Joback estimate,label equals the Joback group-contribution estimate (977.08 K),True
Allyldipropylamine,414.64,Joback estimate,label equals the Joback group-contribution estimate (414.64 K),True
Batyl alcohol,886.42,Joback estimate,label equals the Joback group-contribution estimate (886.42 K),True
Chimyl alcohol,840.66,Joback estimate,label equals the Joback group-contribution estimate (840.66 K),True
D-Arabinitol,773.58,Joback estimate,label equals the Joback group-contribution estimate (773.58 K),True
Diglycerol,727.14,Joback estimate,label equals the Joback group-contribution estimate (727.14 K),True
Dihydrofarnesol,642.62,Joback estimate,label equals the Joback group-contribution estimate (642.62 K),True
Dihydromyrcenol,513.59,Joback estimate,label equals the Joback group-contribution estimate (513.59 K),True
Dipentaerythritol,997.44,Joback estimate,label equals the Joback group-contribution estimate (997.44 K),True
Ditridecylamine,844.65,Joback estimate,label equals the Joback group-contribution estimate (844.65 K),True
Ethyl linalool,540.95,Joback estimate,label equals the Joback group-contribution estimate (540.95 K),True
Galactitol,888.2,Joback estimate,label equals the Joback group-contribution estimate (888.20 K),True
Isodecanol,520.14,Joback estimate,label equals the Joback group-contribution estimate (520.14 K),True
Isophytol,741.51,Joback estimate,label equals the Joback group-contribution estimate (741.51 K),True
Isotridecanol,588.78,Joback estimate,label equals the Joback group-contribution estimate (588.78 K),True
L-Iditol,888.2,Joback estimate,label equals the Joback group-contribution estimate (888.20 K),True
Mannitol,888.2,Joback estimate,label equals the Joback group-contribution estimate (888.20 K),True
Methanediol,406.84,Joback estimate,label equals the Joback group-contribution estimate (406.84 K),True
Myrcenol,510.59,Joback estimate,label equals the Joback group-contribution estimate (510.59 K),True
"N,N'-Bis(2-aminoethyl)-1,3-propanediamine",605.16,Joback estimate,label equals the Joback group-contribution estimate (605.16 K),True
"N,N'-Bis(3-aminopropyl)ethylenediamine",628.04,Joback estimate,label equals the Joback group-contribution estimate (628.04 K),True
"N,N-Dimethyl neopentylamine",368.97,Joback estimate,label equals the Joback group-contribution estimate (368.97 K),True
"N,N-Dipropyl-1-butanamine",440.84,Joback estimate,label equals the Joback group-contribution estimate (440.84 K),True
"N,N-Dipropyl-2-propyn-1-amine",408.08,Joback estimate,label equals the Joback group-contribution estimate (408.08 K),True
N-Methyldioctadecylamine,1058.6,Joback estimate,label equals the Joback group-contribution estimate (1058.60 K),True
N-Propyldibutylamine,463.72,Joback estimate,label equals the Joback group-contribution estimate (463.72 K),True
"Penta-1,4-diyne",294.24,Joback estimate,label equals the Joback group-contribution estimate (294.24 K),True
Pentaethylene glycol,702.44,Joback estimate,label equals the Joback group-contribution estimate (702.44 K),True
Phytol,752.1,Joback estimate,label equals the Joback group-contribution estimate (752.10 K),True
Rhodinol,516.7,Joback estimate,label equals the Joback group-contribution estimate (516.70 K),True
Santolina alcohol,517.63,Joback estimate,label equals the Joback group-contribution estimate (517.63 K),True
Tetravinylmethane,389.01,Joback estimate,label equals the Joback group-contribution estimate (389.01 K),True
Tri-t-butylmethane,486.91,Joback estimate,label equals the Joback group-contribution estimate (486.91 K),True
Tributylcarbinol,585.99,Joback estimate,label equals the Joback group-contribution estimate (585.99 K),True
"Trideca-1,12-diyne",477.28,Joback estimate,label equals the Joback group-contribution estimate (477.28 K),True
Triisooctylamine,759.84,Joback estimate,label equals the Joback group-contribution estimate (759.84 K),True
Tripentaerythritol,1315.39,Joback estimate,label equals the Joback group-contribution estimate (1315.39 K),True
Tris(2-ethylhexyl)amine,759.84,Joback estimate,label equals the Joback group-contribution estimate (759.84 K),True
Undec-1-en-3-ol,539.7,Joback estimate,label equals the Joback group-contribution estimate (539.70 K),True
Vinylamine,314.57,Joback estimate,label equals the Joback group-contribution estimate (314.57 K),True
beta-Farnesene,544.12,Joback estimate,label equals the Joback group-contribution estimate (544.12 K),True
1-Nonacosene,859.8,"Joback estimate; model-flagged, unverified",label equals the Joback group-contribution estimate (859.80 K); no NIST boiling point,True
1-Tetratriacontene,974.2,"Joback estimate; model-flagged, unverified",label equals the Joback group-contribution estimate (974.20 K); no NIST boiling point,True
1-Triacontanol,978.18,"Joback estimate; model-flagged, unverified",label equals the Joback group-contribution estimate (978.18 K); no NIST boiling point,True
"N,N-diethylhexadecylamine",472.65,contradicted by NIST,NIST 628.1 K,True
"3,7-Dimethylocta-1,3,7-triene",354.15,implausible hydrocarbon,93 K below the C10 n-alkane (447.3 K),True
9-Octadecyne,415.0,implausible hydrocarbon; NIST agrees,175 K below the C18 n-alkane (589.9 K); NIST 415.0 K,True
3-Decyne,320.33719,implausible hydrocarbon; contradicted by NIST,127 K below the C10 n-alkane (447.3 K); NIST 449.0 K,True
4-Nonyne,337.76475,implausible hydrocarbon; contradicted by NIST,86 K below the C9 n-alkane (424.0 K); NIST 425.0 K,True
2-Methyltricosane,480.9,"implausible hydrocarbon; model-flagged, unverified",184 K below the C24 n-alkane (664.5 K); no NIST boiling point,True
Phytane,442.65,"implausible hydrocarbon; model-flagged, unverified",174 K below the C20 n-alkane (616.9 K); no NIST boiling point,True
beta-Ocimene,346.15,"implausible hydrocarbon; model-flagged, unverified",101 K below the C10 n-alkane (447.3 K); no NIST boiling point,True
"2,6-Nonadien-1-ol",369.65,known data-entry error,PubChem (WHO/FAO JECFA) gives 469.15 K,True
N-Methyldodecylamine,382.15,known data-entry error,a supplier gives 473.15 K,True
"3,9-Diethyl-6-tridecanol",582.15,NIST agrees,NIST 582.1 K,False
"(R,R)-2,3-butanediol",350.5,"model-flagged, unverified",no NIST boiling point,False
"1,2,3-Butanetriol",443.15,"model-flagged, unverified",no NIST boiling point,False
"1,2-Heptanediol",363.15,"model-flagged, unverified",no NIST boiling point,False
"1,8-Octanediol",418.15,"model-flagged, unverified",no NIST boiling point,False
"3,6,9,12,15,18-Hexaoxaicosane-1,20-diol",515.65,"model-flagged, unverified",no NIST boiling point,False
3-Octyn-1-ol,370.15,"model-flagged, unverified",no NIST boiling point,False
Didodecylamine,453.15,"model-flagged, unverified",no NIST boiling point,False
Hexaethylene glycol,490.15,"model-flagged, unverified",no NIST boiling point,False
Lycopene,1167.92,"model-flagged, unverified",no NIST boiling point,False
N-Methyldioctylamine,410.15,"model-flagged, unverified",no NIST boiling point,False
Nerolidol,395.15,"model-flagged, unverified",no NIST boiling point,False
Non-3-yn-1-ol,376.4,"model-flagged, unverified",no NIST boiling point,False
Octamylamine,373.65,"model-flagged, unverified",no NIST boiling point,False
Sorbitol,704.0,"model-flagged, unverified",no NIST boiling point,False
Squalane,693.15,"model-flagged, unverified",no NIST boiling point,False
Tridodecylamine,721.15,"model-flagged, unverified",no NIST boiling point,False
Tris(2-aminoethyl)amine,370.65,"model-flagged, unverified",no NIST boiling point,False
Tris(2-methylallyl)amine,357.15,"model-flagged, unverified",no NIST boiling point,False
n-Methyloctan-1-amine,351.65,"model-flagged, unverified",no NIST boiling point,False
