seed,strategy,n_labels,rmse,rmse_hard,frac_hard_labelled,selector_rmse
0,random,50,40.855625443661275,70.11768343875285,0.2,
0,random,100,36.84018802194075,60.34506014403694,0.22,
0,random,200,39.51158223820615,69.11005585625594,0.21,
0,random,300,32.70474884656406,53.2125665538641,0.22666666666666666,
0,random,400,32.98539885600951,55.29342686734387,0.22,
0,random,550,33.764515118410316,57.53130546694048,0.20909090909090908,
0,random,650,34.78868039992455,59.08033830917878,0.20461538461538462,
0,random,750,34.03458886962003,57.73159115395015,0.20933333333333334,
0,random,850,33.595635596660536,56.79651876406811,0.2211764705882353,
0,random,950,32.42842831711156,53.922592390935996,0.22,
0,random,1050,34.674769570441285,59.199713100829456,0.22,
0,random,1150,31.78937791708269,52.15298874404266,0.22260869565217392,
0,random,1250,32.045738842316396,52.4932479530822,0.2232,
0,random,1350,32.09478336303895,53.05058787654297,0.2237037037037037,
0,random,1354,31.907010428136743,51.950739053476404,0.22378138847858198,
0,heuristic,50,40.855625443661275,70.11768343875285,0.2,
0,heuristic,100,37.77980199688496,60.36264976699866,0.6,
0,heuristic,200,35.47471847986286,53.80149229181835,0.8,
0,heuristic,300,35.21334438370012,53.04573494642184,0.8666666666666667,
0,heuristic,400,34.17019346562308,51.36116189925597,0.7575,
0,heuristic,550,32.28364578112573,50.78675826801172,0.5509090909090909,
0,heuristic,650,32.26710709064988,51.53284897595335,0.46615384615384614,
0,heuristic,750,32.331257197917566,51.34535777662161,0.404,
0,heuristic,850,31.96158163636603,51.935727031645435,0.3564705882352941,
0,heuristic,950,31.71555460999309,51.4589798211086,0.31894736842105265,
0,heuristic,1050,31.977614422081142,52.67934015178525,0.2885714285714286,
0,heuristic,1150,31.43171283815401,50.839408839057214,0.2634782608695652,
0,heuristic,1250,31.603518743619382,52.4395475494775,0.2424,
0,heuristic,1350,31.46862750271506,52.24949248835307,0.22444444444444445,
0,heuristic,1354,31.82793988342129,52.327351210097746,0.22378138847858198,
0,gp_uncertainty,50,40.855625443661275,70.11768343875285,0.2,48.8768005525477
0,gp_uncertainty,100,45.64370230905067,83.31490472034113,0.49,42.330350931145674
0,gp_uncertainty,200,36.94327652211846,58.13972384930177,0.5,37.239435592817756
0,gp_uncertainty,300,34.677244957154414,52.8529356973701,0.49666666666666665,34.30691928034641
0,gp_uncertainty,400,32.859462441822195,52.62709532763413,0.4725,33.34571127462935
0,gp_uncertainty,550,31.577278393465733,50.84639982381199,0.41818181818181815,32.4437104860388
0,gp_uncertainty,650,32.10456296882547,51.35250166864168,0.3861538461538462,32.30603114023783
0,gp_uncertainty,750,31.59972842990784,51.58656120925168,0.36533333333333334,32.0596282199357
0,gp_uncertainty,850,31.708819185738353,51.678864880842134,0.34352941176470586,31.80651776377413
0,gp_uncertainty,950,31.163117766471057,50.12470127658616,0.31684210526315787,33.18781518955294
0,gp_uncertainty,1050,31.837518737964658,52.265372175651855,0.2885714285714286,33.09425560027316
0,gp_uncertainty,1150,31.571525696428967,51.30726028896898,0.2634782608695652,38.19256044203258
0,gp_uncertainty,1250,31.63396499330524,51.15842053786413,0.2424,38.085875606381556
0,gp_uncertainty,1350,31.6325118539886,52.113546438762306,0.22444444444444445,37.97144152144752
0,gp_uncertainty,1354,31.160676349230968,50.758325811804895,0.22378138847858198,37.967802740955406
0,bootstrap_xgb,50,40.855625443661275,70.11768343875285,0.2,57.96824648750553
0,bootstrap_xgb,100,36.54374065127962,57.97352508754891,0.59,45.95034945314248
0,bootstrap_xgb,200,35.731234356483306,58.09332218381518,0.625,38.40059902159604
0,bootstrap_xgb,300,33.30328134882496,51.419534335441725,0.62,35.46736619286788
0,bootstrap_xgb,400,32.08615425592906,51.13181774896214,0.56,34.90340512712763
0,bootstrap_xgb,550,31.724891805797576,49.92471705131224,0.4909090909090909,33.02956128415637
0,bootstrap_xgb,650,31.5868490391518,50.910596171622,0.4230769230769231,32.63403105831227
0,bootstrap_xgb,750,32.0497906777623,51.564420124543716,0.38,33.11282439368818
0,bootstrap_xgb,850,32.04527009199897,52.219451057217945,0.3423529411764706,33.36355559635128
0,bootstrap_xgb,950,30.813962240150794,49.38885524151225,0.31684210526315787,31.90274336593889
0,bootstrap_xgb,1050,32.2456054005678,52.42596455987376,0.2876190476190476,32.69289888964185
0,bootstrap_xgb,1150,31.681549681819703,51.89357302712081,0.2634782608695652,32.616673833463885
0,bootstrap_xgb,1250,31.960305126057065,52.13445768669269,0.2424,32.595232423531385
0,bootstrap_xgb,1350,31.77288273520066,51.49896507187907,0.22444444444444445,33.115378559291266
0,bootstrap_xgb,1354,31.264124708655878,50.599385377975715,0.22378138847858198,33.07410148771554
1,random,50,43.14911435126838,69.79106695348433,0.2,
1,random,100,39.79868459605655,63.81212535080631,0.18,
1,random,200,35.94977698923236,55.50272109379122,0.205,
1,random,300,34.87561004462831,55.79215704660623,0.23,
1,random,400,32.65167885219237,50.05352314490272,0.2225,
1,random,550,32.725355028391796,50.514502302960715,0.21818181818181817,
1,random,650,32.21267957956551,50.74034098715166,0.2169230769230769,
1,random,750,31.69952113958924,49.71789991420995,0.21866666666666668,
1,random,850,31.822729107294982,50.47081640081664,0.22823529411764706,
1,random,950,32.48306884033866,53.60979254113891,0.22736842105263158,
1,random,1050,32.23582013175588,53.007828678814576,0.2361904761904762,
1,random,1150,31.959433616698494,52.00307509632236,0.22782608695652173,
1,random,1250,31.627558675465338,51.15989961567348,0.224,
1,random,1350,31.707492006606138,52.169292542679436,0.2237037037037037,
1,random,1354,31.393553227230207,51.86948856740913,0.22378138847858198,
1,heuristic,50,43.14911435126838,69.79106695348433,0.2,
1,heuristic,100,41.87497605127752,69.21717797426962,0.6,
1,heuristic,200,35.86104745287851,53.46431551935118,0.8,
1,heuristic,300,33.869086308536545,47.870010524963,0.8666666666666667,
1,heuristic,400,32.68496643437166,49.85405969467401,0.7575,
1,heuristic,550,31.80482385068034,51.0545768361254,0.5509090909090909,
1,heuristic,650,32.021232599215224,50.922977957298365,0.46615384615384614,
1,heuristic,750,31.763775133963666,50.90280782366439,0.404,
1,heuristic,850,31.972713688840596,51.35185287194635,0.3564705882352941,
1,heuristic,950,31.50915772344361,50.56588010631116,0.31894736842105265,
1,heuristic,1050,32.105719313818945,52.05134076108126,0.2885714285714286,
1,heuristic,1150,31.321692888252716,50.8393489030436,0.2634782608695652,
1,heuristic,1250,32.03622208447016,52.295382309761294,0.2424,
1,heuristic,1350,31.717990513049315,51.18216519099818,0.22444444444444445,
1,heuristic,1354,31.040783608744523,50.40080733301821,0.22378138847858198,
1,gp_uncertainty,50,43.14911435126838,69.79106695348433,0.2,65.16265033582913
1,gp_uncertainty,100,45.11285801500588,84.09106518175008,0.45,52.195898302794006
1,gp_uncertainty,200,40.2098276217026,71.71930921579039,0.51,43.00266947543437
1,gp_uncertainty,300,33.0282818608149,53.04550031192728,0.5033333333333333,33.65158099742739
1,gp_uncertainty,400,31.963141967221745,50.75333375850885,0.4725,33.29298065083194
1,gp_uncertainty,550,31.953563466682247,51.457639607239386,0.4163636363636364,32.422115459423104
1,gp_uncertainty,650,31.72705537202755,51.08558663138234,0.38461538461538464,32.33282381814041
1,gp_uncertainty,750,31.948392052021617,51.70824630827312,0.364,32.08047691987008
1,gp_uncertainty,850,31.763132670781538,51.62117470082314,0.34352941176470586,31.834536581347887
1,gp_uncertainty,950,31.18128134344646,50.563786840918524,0.31684210526315787,33.20179199070418
1,gp_uncertainty,1050,31.551375792286045,51.51757990197257,0.2885714285714286,33.09222653453964
1,gp_uncertainty,1150,31.331573079078346,50.880857194114384,0.2634782608695652,38.15623978343915
1,gp_uncertainty,1250,31.708472628624154,51.53456216009683,0.2424,38.045538762884476
1,gp_uncertainty,1350,31.50527292697433,51.514269602672215,0.22444444444444445,37.93404377660132
1,gp_uncertainty,1354,31.669383951048925,51.81476791901271,0.22378138847858198,37.93041880999638
1,bootstrap_xgb,50,43.14911435126838,69.79106695348433,0.2,52.81417741298583
1,bootstrap_xgb,100,37.10897589906513,54.88207132165169,0.51,50.66498197769302
1,bootstrap_xgb,200,36.78360943995773,56.91169522576126,0.695,39.95041231543903
1,bootstrap_xgb,300,31.73339050848774,49.71556076554023,0.6,33.72927315257257
1,bootstrap_xgb,400,31.549552008695,50.060122250991945,0.57,36.130178450278436
1,bootstrap_xgb,550,31.697068724681177,50.61509887061733,0.4690909090909091,34.03188892555633
1,bootstrap_xgb,650,32.35844763928021,51.994157655156606,0.42153846153846153,32.79078228385541
1,bootstrap_xgb,750,31.881600418930592,51.416691996848726,0.38,32.50440080763076
1,bootstrap_xgb,850,31.6433029223918,51.29096767675678,0.3458823529411765,32.61509579132296
1,bootstrap_xgb,950,31.35533972449302,51.217400528176626,0.31894736842105265,33.462201035992024
1,bootstrap_xgb,1050,31.513304349838048,51.429587276169975,0.2885714285714286,32.377099254800754
1,bootstrap_xgb,1150,31.965869934045195,52.6231619193061,0.2634782608695652,32.4902196659775
1,bootstrap_xgb,1250,31.544424393480917,51.66024921721157,0.2424,32.679995950487275
1,bootstrap_xgb,1350,31.811844160073846,51.97204754840956,0.22444444444444445,33.12468612115625
1,bootstrap_xgb,1354,32.017926293905624,53.14395482461544,0.22378138847858198,32.16253961993315
2,random,50,64.76735656226279,109.54256736088463,0.14,
2,random,100,42.98614977391275,74.7129443074798,0.2,
2,random,200,35.54311980516255,57.507518245765645,0.235,
2,random,300,36.00259139783311,60.29265073188701,0.22666666666666666,
2,random,400,35.162830830839276,58.5965509265125,0.2225,
2,random,550,34.05834691936975,57.09420989199604,0.23636363636363636,
2,random,650,33.440888466027864,56.09911219556335,0.2276923076923077,
2,random,750,33.29470393277864,56.16443979387138,0.23066666666666666,
2,random,850,31.972222557402507,52.76690517096947,0.22705882352941176,
2,random,950,31.814446057122122,51.789291164232715,0.2294736842105263,
2,random,1050,33.485696070013454,55.26029122990083,0.2276190476190476,
2,random,1150,31.601938209728814,52.222267147160856,0.22695652173913045,
2,random,1250,32.287574160017506,53.999741398156466,0.228,
2,random,1350,31.834696744700484,52.227378401760525,0.2237037037037037,
2,random,1354,31.340072809325775,51.35676893278933,0.22378138847858198,
2,heuristic,50,64.76735656226279,109.54256736088463,0.14,
2,heuristic,100,41.65489004486531,67.73227507251114,0.57,
2,heuristic,200,36.69902022091348,55.32781407552892,0.785,
2,heuristic,300,35.42118677491022,52.73083262031287,0.8566666666666667,
2,heuristic,400,32.98836781181331,50.5200836180522,0.7575,
2,heuristic,550,34.30176194830292,51.60937748865164,0.5509090909090909,
2,heuristic,650,33.54859365881236,51.27934808343241,0.46615384615384614,
2,heuristic,750,32.99415985805771,52.15619213422689,0.404,
2,heuristic,850,33.42352383443603,53.00470964680815,0.3564705882352941,
2,heuristic,950,32.36474118877446,51.045979971770755,0.31894736842105265,
2,heuristic,1050,32.74407929483949,53.68699280157411,0.2885714285714286,
2,heuristic,1150,31.98894301696614,51.058548670868966,0.2634782608695652,
2,heuristic,1250,31.708551371390868,50.74699030074919,0.2424,
2,heuristic,1350,31.33653935505704,51.266991473351304,0.22444444444444445,
2,heuristic,1354,31.436761977907175,51.017684196063236,0.22378138847858198,
2,gp_uncertainty,50,64.76735656226279,109.54256736088463,0.14,63.78655959570523
2,gp_uncertainty,100,39.957469381050096,67.98677066157984,0.42,44.14862749724112
2,gp_uncertainty,200,34.433532981371386,55.435434355600655,0.515,35.344782273276046
2,gp_uncertainty,300,35.093583662913645,54.35857555051662,0.5033333333333333,34.79517517865881
2,gp_uncertainty,400,32.289274260775926,52.238056788963206,0.4675,33.256497993967734
2,gp_uncertainty,550,31.877430466339643,52.08581326754394,0.4163636363636364,32.330869938755654
2,gp_uncertainty,650,31.737137617016668,51.23135293724948,0.38461538461538464,32.21515119695414
2,gp_uncertainty,750,31.89500744123276,51.59132598206504,0.364,32.0119000960981
2,gp_uncertainty,850,31.789064061579236,51.8490993576963,0.34352941176470586,31.835870936445822
2,gp_uncertainty,950,31.111266029650547,50.12729838202239,0.31684210526315787,33.212974347736875
2,gp_uncertainty,1050,32.23436964523762,53.232817302037795,0.2885714285714286,33.12602596058989
2,gp_uncertainty,1150,31.438471526133636,51.75262808294383,0.2634782608695652,38.18810062588161
2,gp_uncertainty,1250,31.74578234895787,52.40175802747676,0.2424,38.0847544278882
2,gp_uncertainty,1350,31.240844147169305,51.22498713935338,0.22444444444444445,37.971388511957464
2,gp_uncertainty,1354,31.53760151354596,51.66223695384788,0.22378138847858198,37.967763811417086
2,bootstrap_xgb,50,64.76735656226279,109.54256736088463,0.14,64.68297541075547
2,bootstrap_xgb,100,54.085385685681494,83.93964821013972,0.57,51.04067474807088
2,bootstrap_xgb,200,35.49274355330774,52.394869258421835,0.675,39.02067206296773
2,bootstrap_xgb,300,33.447593431647334,50.31120764455295,0.6166666666666667,37.489067152939754
2,bootstrap_xgb,400,31.38810513771813,49.35880972348472,0.54,31.94121823518673
2,bootstrap_xgb,550,31.374096099795725,49.763716755708494,0.4763636363636364,33.7957809686401
2,bootstrap_xgb,650,31.49957092267302,50.525181683544595,0.4323076923076923,31.26043141126898
2,bootstrap_xgb,750,32.012551069917414,51.935164580440706,0.37866666666666665,33.23376029996937
2,bootstrap_xgb,850,31.825056216683446,51.58195170317279,0.3423529411764706,32.62816047329539
2,bootstrap_xgb,950,31.115459351114485,50.174477593456835,0.30736842105263157,33.846042872027
2,bootstrap_xgb,1050,31.226961128195885,50.689499925800476,0.2885714285714286,31.828872853261366
2,bootstrap_xgb,1150,31.789606876016023,51.88719039306827,0.2634782608695652,31.957982370088313
2,bootstrap_xgb,1250,31.82828166967712,51.83777148255223,0.2424,32.03136931559763
2,bootstrap_xgb,1350,31.183108509935906,51.068612393759786,0.22444444444444445,32.68734673431956
2,bootstrap_xgb,1354,31.46893856120663,51.74294487136894,0.22378138847858198,33.31930759913628
3,random,50,42.476598010956316,74.47334194137724,0.12,
3,random,100,40.6355375834546,69.46737869065939,0.09,
3,random,200,36.14978092105199,59.20875200052772,0.14,
3,random,300,37.269868682753746,63.87045212787119,0.16666666666666666,
3,random,400,35.41530710835233,58.78982729672131,0.1925,
3,random,550,34.1126200486651,58.15823434324479,0.20909090909090908,
3,random,650,33.9666869338261,57.50064788865959,0.20615384615384616,
3,random,750,33.67623309528052,57.207874225229055,0.21333333333333335,
3,random,850,33.48768690129575,56.33053636077147,0.21294117647058824,
3,random,950,33.03390966984202,55.784617457248984,0.21578947368421053,
3,random,1050,31.66438783223031,51.55391584699553,0.21904761904761905,
3,random,1150,31.44633316533615,51.02168661895303,0.22,
3,random,1250,31.979808641505652,52.9298369120425,0.2256,
3,random,1350,31.951614744561393,52.55269143050949,0.22296296296296297,
3,random,1354,32.0557253700738,52.99069550209862,0.22378138847858198,
3,heuristic,50,42.476598010956316,74.47334194137724,0.12,
3,heuristic,100,41.05065839128474,68.20835635783055,0.56,
3,heuristic,200,40.27421720766829,67.8831898183725,0.78,
3,heuristic,300,35.97508037612435,56.60803733332559,0.8533333333333334,
3,heuristic,400,34.854708952141614,49.75601332031202,0.7575,
3,heuristic,550,33.811056252969124,50.39374680697677,0.5509090909090909,
3,heuristic,650,33.40316315203534,51.2455608987442,0.46615384615384614,
3,heuristic,750,33.123274051552464,51.22848108906531,0.404,
3,heuristic,850,32.99477089557471,51.06458086161478,0.3564705882352941,
3,heuristic,950,32.035347620502506,50.112897195427536,0.31894736842105265,
3,heuristic,1050,32.93865092466919,53.844650675393495,0.2885714285714286,
3,heuristic,1150,31.472772596726134,51.515246658163704,0.2634782608695652,
3,heuristic,1250,31.923909769277,51.72935548488987,0.2424,
3,heuristic,1350,31.83325724987986,52.14482911823956,0.22444444444444445,
3,heuristic,1354,31.281811620022417,50.79893868772178,0.22378138847858198,
3,gp_uncertainty,50,42.476598010956316,74.47334194137724,0.12,60.286535925302346
3,gp_uncertainty,100,53.07370411731545,99.8360357351193,0.48,64.98718999132322
3,gp_uncertainty,200,35.22957804012115,55.75341181713992,0.525,35.18420422836981
3,gp_uncertainty,300,34.22710022531849,53.39427500951918,0.51,34.229163490857815
3,gp_uncertainty,400,32.90267640466981,52.637312734398876,0.475,33.488744513805386
3,gp_uncertainty,550,31.942716818246904,51.777601477971515,0.4163636363636364,32.44243758349729
3,gp_uncertainty,650,31.881267571239412,51.48272975248983,0.3830769230769231,32.304687046119774
3,gp_uncertainty,750,32.013519411592455,51.99647108835246,0.364,32.02259584547796
3,gp_uncertainty,850,31.73240966887373,51.78908596907109,0.34352941176470586,31.75366762371799
3,gp_uncertainty,950,31.281129753189056,50.455199760891446,0.31684210526315787,33.21384108025272
3,gp_uncertainty,1050,31.86558036071858,52.11316685038378,0.2885714285714286,33.111670610939164
3,gp_uncertainty,1150,31.439238384610547,50.968303174919086,0.2634782608695652,38.22341545657338
3,gp_uncertainty,1250,31.725860115710493,51.954349125824315,0.2424,38.11914650976144
3,gp_uncertainty,1350,32.02130949549526,52.79657746973095,0.22444444444444445,38.00637719058053
3,gp_uncertainty,1354,31.246419316898304,50.757818130394206,0.22378138847858198,38.00270220461705
3,bootstrap_xgb,50,42.476598010956316,74.47334194137724,0.12,67.73873318805191
3,bootstrap_xgb,100,39.93375507375153,67.2719511118534,0.52,48.63938292424002
3,bootstrap_xgb,200,36.08708645483745,52.35477575443703,0.69,38.64227108068593
3,bootstrap_xgb,300,34.023507721474516,54.346103225401805,0.5733333333333334,34.283784034353246
3,bootstrap_xgb,400,33.05097381440422,52.374194072387546,0.5325,34.09013645099073
3,bootstrap_xgb,550,31.70587655587556,50.72639101978215,0.4672727272727273,33.65463619006505
3,bootstrap_xgb,650,32.12522581562051,52.25178152896917,0.41384615384615386,32.87007288150025
3,bootstrap_xgb,750,31.79079041476828,51.493358369902246,0.39066666666666666,33.388558102881916
3,bootstrap_xgb,850,31.855926113891815,51.57104410265593,0.35058823529411764,32.901845573345334
3,bootstrap_xgb,950,31.23769170260186,50.272592110157795,0.31894736842105265,33.12380431823385
3,bootstrap_xgb,1050,31.678559362965494,51.420286718689184,0.2885714285714286,33.02700676996238
3,bootstrap_xgb,1150,31.38682534999654,50.95519320603028,0.2634782608695652,33.078664609685156
3,bootstrap_xgb,1250,31.53917032069474,51.54818805903835,0.2424,32.98562125410822
3,bootstrap_xgb,1350,31.813496173822966,52.133768979990776,0.22444444444444445,34.02390463548541
3,bootstrap_xgb,1354,31.88023401914361,52.44106406402939,0.22378138847858198,32.81621697464447
4,random,50,37.74016446776757,54.07159127924632,0.26,
4,random,100,38.381764698948196,59.244591402715365,0.27,
4,random,200,35.15013567870291,56.381486510311625,0.255,
4,random,300,33.363107283420874,53.994090736175956,0.24,
4,random,400,33.48255827789466,54.87329203001531,0.2475,
4,random,550,32.70599800080906,52.01398865278716,0.2309090909090909,
4,random,650,35.00717169942205,57.99965862238166,0.23076923076923078,
4,random,750,34.82305394764018,57.31911792590326,0.232,
4,random,850,36.33807816406018,61.06070892296324,0.23294117647058823,
4,random,950,34.3950349402515,56.634747280166906,0.22842105263157894,
4,random,1050,34.55609042278863,57.34072212545767,0.22666666666666666,
4,random,1150,32.74560059805795,54.44244884741233,0.2217391304347826,
4,random,1250,31.83893663959357,52.24704978303748,0.2168,
4,random,1350,30.92508563269243,50.396484448555896,0.2237037037037037,
4,random,1354,31.813621025323346,52.32829106973881,0.22378138847858198,
4,heuristic,50,37.74016446776757,54.07159127924632,0.26,
4,heuristic,100,42.0120204556817,69.6249467253131,0.63,
4,heuristic,200,33.888212262575145,46.95954071552564,0.815,
4,heuristic,300,34.02276661609105,49.68956463354062,0.8766666666666667,
4,heuristic,400,33.16410201185835,49.78560167162397,0.7575,
4,heuristic,550,33.35277936917144,49.61672130480917,0.5509090909090909,
4,heuristic,650,33.1794995105386,51.10029667701335,0.46615384615384614,
4,heuristic,750,32.93117888665037,52.024836054770425,0.404,
4,heuristic,850,31.963484205317844,51.33624097311953,0.3564705882352941,
4,heuristic,950,31.9029491587712,50.52852382483788,0.31894736842105265,
4,heuristic,1050,31.97068841814121,51.85297031680742,0.2885714285714286,
4,heuristic,1150,31.831995023044115,50.62020264026873,0.2634782608695652,
4,heuristic,1250,32.09905297515014,51.93719315301162,0.2424,
4,heuristic,1350,31.81843986425893,52.4605023690692,0.22444444444444445,
4,heuristic,1354,32.11287519554178,53.14734388909057,0.22378138847858198,
4,gp_uncertainty,50,37.74016446776757,54.07159127924632,0.26,49.71967202317198
4,gp_uncertainty,100,35.699059309017585,58.119087829012116,0.51,39.99772596431233
4,gp_uncertainty,200,34.209924474008645,55.482326973523904,0.535,35.18062800085013
4,gp_uncertainty,300,35.36261754327591,53.934640458416496,0.5,35.22583300749431
4,gp_uncertainty,400,32.46800895633237,51.65235411604321,0.475,33.51911098239201
4,gp_uncertainty,550,31.96516490866092,51.130438054661276,0.41818181818181815,32.42429522238102
4,gp_uncertainty,650,32.2296880608597,51.587017813283936,0.38769230769230767,32.41977121566894
4,gp_uncertainty,750,32.26246499448549,51.593076893211595,0.36533333333333334,32.219110260098944
4,gp_uncertainty,850,31.764013813016824,51.55043302907718,0.34352941176470586,31.89457146271847
4,gp_uncertainty,950,31.096554349393454,50.03063788652784,0.3178947368421053,33.18774566518977
4,gp_uncertainty,1050,31.816628326618236,52.41740373105727,0.2885714285714286,33.097800866870095
4,gp_uncertainty,1150,31.053801929052963,50.371944227792156,0.2634782608695652,38.20838165769421
4,gp_uncertainty,1250,31.498229326906284,51.642246507029,0.2424,38.09948632939005
4,gp_uncertainty,1350,31.86614074658863,52.46635121386384,0.22444444444444445,37.98382282544452
4,gp_uncertainty,1354,31.677309909320158,52.325172092147746,0.22378138847858198,37.980171401037175
4,bootstrap_xgb,50,37.74016446776757,54.07159127924632,0.26,50.650247773538126
4,bootstrap_xgb,100,34.92361895474854,49.57008867587576,0.63,45.197780602127
4,bootstrap_xgb,200,33.41019473851188,52.17271274016015,0.7,36.92449092925032
4,bootstrap_xgb,300,32.522025001273065,51.06195317238524,0.6133333333333333,35.29769461327218
4,bootstrap_xgb,400,32.308179104147726,51.57112955812795,0.5775,33.98081622624994
4,bootstrap_xgb,550,31.622165065091856,50.253925170874254,0.49272727272727274,33.41422965988891
4,bootstrap_xgb,650,32.24583385487432,52.306117017673245,0.42615384615384616,32.61795989938016
4,bootstrap_xgb,750,31.701162229476783,51.32566618100803,0.37866666666666665,32.5764606845971
4,bootstrap_xgb,850,32.30276128976506,53.13657970392455,0.3458823529411765,32.09762279767987
4,bootstrap_xgb,950,31.621644548954574,51.50333028683943,0.3094736842105263,33.39230788893663
4,bootstrap_xgb,1050,31.87789865420296,52.408537576515734,0.2885714285714286,32.176585571321596
4,bootstrap_xgb,1150,31.846186627130873,51.45781494265135,0.2634782608695652,33.200515639434386
4,bootstrap_xgb,1250,31.952207137992065,52.76560896403344,0.2424,32.49508834322072
4,bootstrap_xgb,1350,32.43582923220409,54.18382335328101,0.22444444444444445,32.64880747379988
4,bootstrap_xgb,1354,31.6701673732533,52.05500393155361,0.22378138847858198,32.901605229439575
5,random,50,40.78237186183375,70.00609584429434,0.28,
5,random,100,40.231147481545904,69.04372620083828,0.21,
5,random,200,38.02408457280102,66.45631021974715,0.24,
5,random,300,34.97329061477758,59.65555110114705,0.24333333333333335,
5,random,400,34.30019471983,58.50168944430422,0.2375,
5,random,550,33.10598192788942,55.96774300267793,0.22,
5,random,650,32.45680778310664,53.71562748684059,0.2169230769230769,
5,random,750,32.027203834807686,53.27685503370751,0.212,
5,random,850,32.71352024599906,55.29894985427408,0.21411764705882352,
5,random,950,31.451556341776257,51.971930171272774,0.21052631578947367,
5,random,1050,31.492584227002734,51.65603470332597,0.21047619047619048,
5,random,1150,32.70342279959014,54.23374428674695,0.21304347826086956,
5,random,1250,32.0459931113484,52.26856541778023,0.22,
5,random,1350,31.755229304442015,52.51112054041272,0.22296296296296297,
5,random,1354,31.53765977119233,51.75262571123417,0.22378138847858198,
5,heuristic,50,40.78237186183375,70.00609584429434,0.28,
5,heuristic,100,36.232893753495006,60.407823463457156,0.64,
5,heuristic,200,35.362392514412356,56.8209937840855,0.82,
5,heuristic,300,34.73609457802497,52.25155669654715,0.88,
5,heuristic,400,33.94661329290437,51.31202906182565,0.7575,
5,heuristic,550,32.316994381155155,50.94191926498159,0.5509090909090909,
5,heuristic,650,32.49764619335607,51.41391151471773,0.46615384615384614,
5,heuristic,750,31.72004670360807,51.650316625258945,0.404,
5,heuristic,850,31.553646199679182,52.12007119737954,0.3564705882352941,
5,heuristic,950,30.939576536754473,50.60923073191531,0.31894736842105265,
5,heuristic,1050,31.326726989574933,51.4610010627288,0.2885714285714286,
5,heuristic,1150,31.691244068624044,52.598695776396575,0.2634782608695652,
5,heuristic,1250,31.63766881275031,51.96272934152228,0.2424,
5,heuristic,1350,31.67961205027059,51.82742228445364,0.22444444444444445,
5,heuristic,1354,31.551313300746052,51.92301362959281,0.22378138847858198,
5,gp_uncertainty,50,40.78237186183375,70.00609584429434,0.28,45.53381382959499
5,gp_uncertainty,100,36.47927907927814,61.255975554677754,0.51,44.496140758731094
5,gp_uncertainty,200,34.72641567839874,55.96998027605761,0.53,33.85784577013383
5,gp_uncertainty,300,34.292375627477476,53.91643293999752,0.51,33.87163993947353
5,gp_uncertainty,400,33.011809888900885,52.86898812568274,0.47,33.327707780701566
5,gp_uncertainty,550,31.64597172281906,50.39114317177694,0.4163636363636364,32.39703101413626
5,gp_uncertainty,650,31.841856550096374,51.350245539967005,0.38769230769230767,32.282558154862095
5,gp_uncertainty,750,31.990090370149794,52.524586489042456,0.364,32.09969825969946
5,gp_uncertainty,850,32.14409876585221,52.08217533459617,0.34352941176470586,31.7948137194682
5,gp_uncertainty,950,30.943783145925554,49.815908945056115,0.3178947368421053,33.18795555675286
5,gp_uncertainty,1050,32.07014542222692,53.250550440227045,0.2885714285714286,33.07385431822624
5,gp_uncertainty,1150,31.33234309432863,51.26974825148483,0.2634782608695652,38.236847475062234
5,gp_uncertainty,1250,31.686469206983496,51.36191562191283,0.2424,38.136169987408685
5,gp_uncertainty,1350,31.314283344778232,51.22653454959589,0.22444444444444445,38.02029768139268
5,gp_uncertainty,1354,31.8249406166874,52.370742653183115,0.22378138847858198,38.01643426022205
5,bootstrap_xgb,50,40.78237186183375,70.00609584429434,0.28,47.19087807567904
5,bootstrap_xgb,100,33.4018112652945,51.158716244737185,0.59,42.15792100103174
5,bootstrap_xgb,200,33.78821040203206,53.97761647891899,0.69,35.7244952233135
5,bootstrap_xgb,300,33.43515613882636,53.47297959795279,0.6133333333333333,34.81090806609097
5,bootstrap_xgb,400,32.185805714923326,51.875832269822354,0.55,34.09123767864169
5,bootstrap_xgb,550,31.74418147107657,50.37862528093766,0.4727272727272727,32.85033870329997
5,bootstrap_xgb,650,31.668241841397627,51.26990153109199,0.4369230769230769,32.893865258927725
5,bootstrap_xgb,750,31.73851620627041,51.46522936686951,0.38266666666666665,34.199221887877144
5,bootstrap_xgb,850,31.68235334254458,51.30189729989255,0.3552941176470588,33.46761103871071
5,bootstrap_xgb,950,31.310942816111453,50.766546191102194,0.31894736842105265,31.966509500217402
5,bootstrap_xgb,1050,31.803555090105156,51.9392382912938,0.2885714285714286,34.043014214383746
5,bootstrap_xgb,1150,31.521745372161526,51.39355587002635,0.2634782608695652,32.70075033210377
5,bootstrap_xgb,1250,31.78320793480629,52.3741250441346,0.2424,32.333612212424335
5,bootstrap_xgb,1350,31.40901111280675,50.99817237371777,0.22444444444444445,32.575906967478495
5,bootstrap_xgb,1354,31.179565151544683,50.952589467923914,0.22378138847858198,33.30921912124714
6,random,50,39.31938961266831,64.17815391134631,0.26,
6,random,100,41.19732603347892,68.80387569211668,0.23,
6,random,200,38.27624932460631,64.80709248636533,0.225,
6,random,300,33.963800783731834,53.41976305696299,0.21666666666666667,
6,random,400,33.54345286336946,52.026332292256804,0.2225,
6,random,550,33.68437515914368,56.04164603432452,0.23272727272727273,
6,random,650,33.74822498729028,55.200131161916566,0.23384615384615384,
6,random,750,34.23157869627852,57.37365380400606,0.224,
6,random,850,33.57156969552549,54.74536687131387,0.2223529411764706,
6,random,950,31.90656600853357,51.442923786543574,0.22,
6,random,1050,32.09389626267508,51.70848216786719,0.21142857142857144,
6,random,1150,32.734971416846605,53.92452758863884,0.2165217391304348,
6,random,1250,31.580682902556006,51.04459801164904,0.2176,
6,random,1350,31.764768263534812,51.779877955170576,0.22296296296296297,
6,random,1354,31.737916120217236,52.609555439835205,0.22378138847858198,
6,heuristic,50,39.31938961266831,64.17815391134631,0.26,
6,heuristic,100,43.551435861596275,74.98946998193507,0.63,
6,heuristic,200,34.82157122785768,54.634920401346214,0.815,
6,heuristic,300,33.568085848325246,50.2434340814636,0.8766666666666667,
6,heuristic,400,32.98257263266479,50.37708111007466,0.7575,
6,heuristic,550,33.02904380236252,50.35685025427475,0.5509090909090909,
6,heuristic,650,33.033105883609814,50.54876207383655,0.46615384615384614,
6,heuristic,750,32.5153321230011,51.537788870284565,0.404,
6,heuristic,850,32.25180473741453,51.66406336363898,0.3564705882352941,
6,heuristic,950,31.617762140545725,50.94950351921887,0.31894736842105265,
6,heuristic,1050,32.09033549179812,52.201769510627656,0.2885714285714286,
6,heuristic,1150,31.562294292192284,51.4216848589912,0.2634782608695652,
6,heuristic,1250,32.233534937449676,53.4142673273035,0.2424,
6,heuristic,1350,31.663195680322474,51.63464880572339,0.22444444444444445,
6,heuristic,1354,31.566019616783834,51.55610053751938,0.22378138847858198,
6,gp_uncertainty,50,39.31938961266831,64.17815391134631,0.26,51.256495064963005
6,gp_uncertainty,100,49.04279413051834,91.66199026879998,0.5,53.866088108933965
6,gp_uncertainty,200,36.670348989522935,59.143654211201394,0.53,35.74512559610801
6,gp_uncertainty,300,34.59557272962427,53.578170530387396,0.5066666666666667,33.93859272672937
6,gp_uncertainty,400,33.04673392241229,52.53701228642878,0.4775,33.352256363703766
6,gp_uncertainty,550,31.709355880599652,50.714940786690256,0.4163636363636364,32.44843091053844
6,gp_uncertainty,650,32.30869036832032,51.98765433295748,0.3830769230769231,32.246986465202596
6,gp_uncertainty,750,31.944200849142206,51.1479306057971,0.36533333333333334,32.104926817151096
6,gp_uncertainty,850,32.115307627827164,52.69447670004141,0.34352941176470586,31.81427282767074
6,gp_uncertainty,950,31.64908199009505,51.71911093938286,0.31684210526315787,33.18752209316457
6,gp_uncertainty,1050,31.982760740409496,52.54180443887131,0.2885714285714286,33.087104661012724
6,gp_uncertainty,1150,31.366460871836246,50.58298706336344,0.2634782608695652,38.14993795530065
6,gp_uncertainty,1250,31.911973990000003,51.69231400071138,0.2424,38.04494035308354
6,gp_uncertainty,1350,31.337042945262823,51.39503797882849,0.22444444444444445,37.93334748782959
6,gp_uncertainty,1354,31.407567886192282,51.8054863087846,0.22378138847858198,37.9297282399049
6,bootstrap_xgb,50,39.31938961266831,64.17815391134631,0.26,52.68044452000039
6,bootstrap_xgb,100,39.004315229627366,61.90718807265115,0.63,47.811575159792675
6,bootstrap_xgb,200,35.3339613316662,58.50535175517204,0.59,36.65253133038371
6,bootstrap_xgb,300,32.68837454729622,51.78017670800099,0.59,34.62450529403789
6,bootstrap_xgb,400,32.246861480819014,51.14358532482162,0.54,33.76115635195767
6,bootstrap_xgb,550,31.625520758889675,49.678938471293,0.5036363636363637,34.60337995381378
6,bootstrap_xgb,650,32.58204966479527,52.924167745257805,0.43538461538461537,32.15974017335657
6,bootstrap_xgb,750,31.419948908768262,50.529658460946955,0.38266666666666665,32.86085260073622
6,bootstrap_xgb,850,31.90203746419887,52.624291072666935,0.3552941176470588,31.721693080184174
6,bootstrap_xgb,950,31.553008546194594,51.175280943937786,0.3178947368421053,32.21833268607736
6,bootstrap_xgb,1050,32.385212732565094,53.827680304150356,0.2876190476190476,32.982106112688435
6,bootstrap_xgb,1150,31.973123029176413,52.09099824701525,0.2634782608695652,32.08566529959566
6,bootstrap_xgb,1250,32.20587197370623,52.85625820110715,0.2424,33.823742359182226
6,bootstrap_xgb,1350,31.7521233721814,52.025711242791935,0.22444444444444445,33.49373729223796
6,bootstrap_xgb,1354,32.019878376136774,52.81769738078696,0.22378138847858198,32.508811295897104
7,random,50,56.22237290786553,97.9910391467166,0.24,
7,random,100,38.99623985792643,65.27024722927338,0.2,
7,random,200,42.833740839995855,75.78412063576886,0.245,
7,random,300,40.158422839183196,71.5300708742411,0.23333333333333334,
7,random,400,39.46949582841867,71.68289881406865,0.22,
7,random,550,32.55291378240912,53.00841286031854,0.22727272727272727,
7,random,650,33.082636081772705,55.45937100689378,0.2230769230769231,
7,random,750,32.44449198777273,52.60978490876037,0.22933333333333333,
7,random,850,31.718010134291223,50.848461369279164,0.22705882352941176,
7,random,950,31.71127947020058,51.06319474931764,0.23157894736842105,
7,random,1050,31.450979708968852,51.84478293328061,0.2276190476190476,
7,random,1150,30.99644572612885,50.34271887488072,0.22608695652173913,
7,random,1250,31.69224947115544,52.82470865105978,0.2232,
7,random,1350,31.673711814481436,51.79718001100769,0.2237037037037037,
7,random,1354,31.26018215866097,51.25561468661134,0.22378138847858198,
7,heuristic,50,56.22237290786553,97.9910391467166,0.24,
7,heuristic,100,39.50528145995336,64.01215963617312,0.62,
7,heuristic,200,36.10184278287634,55.39920848212676,0.81,
7,heuristic,300,34.21061395358149,51.717661541370234,0.8733333333333333,
7,heuristic,400,32.76538381736454,50.21552292138106,0.7575,
7,heuristic,550,32.573102171905845,50.2202418947907,0.5509090909090909,
7,heuristic,650,32.58304752849132,52.87360751057902,0.46615384615384614,
7,heuristic,750,31.533295497728044,51.23885234739919,0.404,
7,heuristic,850,31.934083052444034,51.64107540092226,0.3564705882352941,
7,heuristic,950,30.72272962588014,49.85437929976697,0.31894736842105265,
7,heuristic,1050,31.449068296964153,51.43309032914549,0.2885714285714286,
7,heuristic,1150,31.965930773528264,52.044043391852206,0.2634782608695652,
7,heuristic,1250,31.66060367300839,51.70848123993893,0.2424,
7,heuristic,1350,31.741898888154633,52.40946758512726,0.22444444444444445,
7,heuristic,1354,31.50030265621945,51.121655115704684,0.22378138847858198,
7,gp_uncertainty,50,56.22237290786553,97.9910391467166,0.24,70.71968372028088
7,gp_uncertainty,100,43.21421171804481,74.07101421345446,0.46,47.97420615189012
7,gp_uncertainty,200,36.41129334752076,57.92054403583946,0.515,41.83573329741482
7,gp_uncertainty,300,34.27638508166854,53.48497010204983,0.49666666666666665,34.65745787033044
7,gp_uncertainty,400,32.395981992402824,51.279060489453066,0.4675,33.27960074074712
7,gp_uncertainty,550,31.75260920889538,50.82536289792501,0.41454545454545455,32.320838335873255
7,gp_uncertainty,650,32.12742103369582,52.13302493400541,0.3830769230769231,32.26695103025335
7,gp_uncertainty,750,31.880986564202516,51.995424681691205,0.3626666666666667,32.014322149189894
7,gp_uncertainty,850,32.385638782184905,53.537442667067545,0.34352941176470586,31.78518782864523
7,gp_uncertainty,950,30.934381656279427,49.980105951718095,0.31684210526315787,33.199231317390065
7,gp_uncertainty,1050,31.68541869132877,51.81156606614827,0.2885714285714286,33.113307094476696
7,gp_uncertainty,1150,31.431821939619727,50.93696928863959,0.2634782608695652,38.114243426559526
7,gp_uncertainty,1250,31.38945982157905,50.79514308515009,0.2424,38.02335509176516
7,gp_uncertainty,1350,31.087019803607284,50.88275512758116,0.22444444444444445,37.9113665927978
7,gp_uncertainty,1354,31.18774686561589,50.98094888043245,0.22378138847858198,37.907761705929936
7,bootstrap_xgb,50,56.22237290786553,97.9910391467166,0.24,63.49489840764658
7,bootstrap_xgb,100,36.208787319638354,53.7079652318529,0.62,44.101532337454586
7,bootstrap_xgb,200,34.403855202698445,53.21945367197936,0.725,37.570786615549665
7,bootstrap_xgb,300,32.71796647065709,51.895083291928344,0.6066666666666667,34.812811496189134
7,bootstrap_xgb,400,32.61792953853987,52.16112743022435,0.5275,33.878097259602065
7,bootstrap_xgb,550,31.87903961207431,51.12407210197628,0.46545454545454545,33.49054141136336
7,bootstrap_xgb,650,32.013970944538876,52.03492368746331,0.4369230769230769,33.431316256246824
7,bootstrap_xgb,750,31.54368333954428,50.59725965876863,0.3973333333333333,32.849782472199834
7,bootstrap_xgb,850,31.39957994034514,51.12537350478019,0.3517647058823529,33.191625783999264
7,bootstrap_xgb,950,31.778785360444235,51.78246174943697,0.3157894736842105,31.814836023074125
7,bootstrap_xgb,1050,31.862729848667772,52.47431691912241,0.2857142857142857,32.654775523255076
7,bootstrap_xgb,1150,31.100923187102346,50.4891582616023,0.2634782608695652,31.946560956305778
7,bootstrap_xgb,1250,31.702863172247,51.70475333104716,0.2424,32.675057813701514
7,bootstrap_xgb,1350,31.952256467160076,52.46063452697207,0.22444444444444445,33.54610725939029
7,bootstrap_xgb,1354,31.69252685310132,52.0646755523454,0.22378138847858198,32.86957947328838
8,random,50,40.641904552784915,62.82024429486047,0.2,
8,random,100,46.71601010164603,81.81246586106602,0.22,
8,random,200,37.9639215728739,61.65950749004253,0.21,
8,random,300,36.795592673437724,58.41052891539768,0.20333333333333334,
8,random,400,36.26711294087654,57.43474063247293,0.2075,
8,random,550,33.20937998333696,51.326079282792655,0.22363636363636363,
8,random,650,33.92099557409254,52.38315962940862,0.2169230769230769,
8,random,750,33.788066959934156,53.84421052403661,0.22,
8,random,850,33.26371070861229,53.54896066098604,0.2188235294117647,
8,random,950,32.666362089936115,52.37951161411599,0.2168421052631579,
8,random,1050,31.97398913547929,50.72115384839731,0.22095238095238096,
8,random,1150,31.827853404041605,50.86170993425512,0.2252173913043478,
8,random,1250,31.598191219907058,51.33843173393088,0.2272,
8,random,1350,31.629201471061567,51.7557994268279,0.2237037037037037,
8,random,1354,31.26307712573307,50.94139246913384,0.22378138847858198,
8,heuristic,50,40.641904552784915,62.82024429486047,0.2,
8,heuristic,100,38.69154428081863,55.66571010611001,0.6,
8,heuristic,200,35.58867828764022,51.97501635383438,0.8,
8,heuristic,300,34.127291781914884,50.92442612104222,0.8666666666666667,
8,heuristic,400,32.894339071918125,50.413204948383985,0.7575,
8,heuristic,550,32.55587757812591,51.0936395066676,0.5509090909090909,
8,heuristic,650,32.3022779861654,51.69148903667292,0.46615384615384614,
8,heuristic,750,31.949292162000777,51.176223704744295,0.404,
8,heuristic,850,31.371147924137087,50.64313926170168,0.3564705882352941,
8,heuristic,950,30.940982056678283,49.653302426429605,0.31894736842105265,
8,heuristic,1050,31.956868766149505,52.39726763289117,0.2885714285714286,
8,heuristic,1150,30.65207321321536,50.07385722025825,0.2634782608695652,
8,heuristic,1250,31.40701912471085,51.50527023609825,0.2424,
8,heuristic,1350,31.849546801584278,52.798431164258425,0.22444444444444445,
8,heuristic,1354,31.50494200647953,51.82091574570105,0.22378138847858198,
8,gp_uncertainty,50,40.641904552784915,62.82024429486047,0.2,79.90750579067372
8,gp_uncertainty,100,41.82489750458374,72.10665606833957,0.44,44.709284124286114
8,gp_uncertainty,200,35.99654690715263,55.14297750405434,0.5,38.11752589404853
8,gp_uncertainty,300,35.20728107569604,54.538527883944035,0.49666666666666665,35.146935623677756
8,gp_uncertainty,400,32.62711066976171,51.748926746069095,0.4775,33.87100758573146
8,gp_uncertainty,550,31.428045834483786,50.3401590807332,0.4163636363636364,32.5114529658324
8,gp_uncertainty,650,32.140062383263626,52.255293605784665,0.3830769230769231,32.351266736750155
8,gp_uncertainty,750,31.66222395395408,51.342349177569155,0.36533333333333334,32.11900670658398
8,gp_uncertainty,850,32.16601963877979,52.4997925661206,0.34352941176470586,31.823194692549315
8,gp_uncertainty,950,31.498749973816032,51.089628470042406,0.31684210526315787,33.20264339050137
8,gp_uncertainty,1050,31.700383724785837,51.79539135141624,0.2885714285714286,33.10890793261102
8,gp_uncertainty,1150,31.702551672831923,51.85273334306448,0.2634782608695652,38.22275655520098
8,gp_uncertainty,1250,31.685749132314065,51.263952363046464,0.2424,38.12517031501393
8,gp_uncertainty,1350,31.512243792979717,51.30132248343477,0.22444444444444445,38.012834275208846
8,gp_uncertainty,1354,31.839655688922416,52.21214919722378,0.22378138847858198,38.00915109182803
8,bootstrap_xgb,50,40.641904552784915,62.82024429486047,0.2,62.758877807060315
8,bootstrap_xgb,100,39.32870698064622,61.72694768902622,0.52,45.78916727943539
8,bootstrap_xgb,200,36.21255262051595,54.79263407636097,0.665,39.570469041772675
8,bootstrap_xgb,300,33.804538724206914,52.24792927056622,0.62,34.779173558763404
8,bootstrap_xgb,400,32.52722311311315,52.35647002357027,0.5525,33.49384740111371
8,bootstrap_xgb,550,31.657856734777972,49.96036879068797,0.48,33.37110183914633
8,bootstrap_xgb,650,32.43741390180942,51.92186210995223,0.41384615384615386,33.016604623001456
8,bootstrap_xgb,750,32.071647951071256,51.81723042033777,0.38,33.4257706880376
8,bootstrap_xgb,850,31.43552085606525,50.97351002612336,0.34705882352941175,32.0353522765796
8,bootstrap_xgb,950,30.925414626597107,50.10106134250315,0.3105263157894737,32.640419289720164
8,bootstrap_xgb,1050,31.95207248494624,52.37081563032357,0.28095238095238095,32.97244471194112
8,bootstrap_xgb,1150,31.315671183261866,51.082386441982884,0.2634782608695652,32.68679947238972
8,bootstrap_xgb,1250,31.245452858767415,50.40555859983889,0.2424,32.24931287420161
8,bootstrap_xgb,1350,31.518420124290095,51.30915414331663,0.22444444444444445,32.334612181227214
8,bootstrap_xgb,1354,31.531126256635567,51.79765756250361,0.22378138847858198,32.73450688456679
9,random,50,40.55014119797587,64.19421444119456,0.2,
9,random,100,46.92847907529567,84.88489963275111,0.17,
9,random,200,38.710689626320864,67.9844270611111,0.185,
9,random,300,38.10397887921755,62.11203499820683,0.20666666666666667,
9,random,400,40.460480831464714,69.66713161077205,0.2175,
9,random,550,34.43550627910608,52.66189082880059,0.21636363636363637,
9,random,650,34.181346754173035,53.697681271304845,0.22,
9,random,750,32.082649896907895,48.28919212942672,0.22533333333333333,
9,random,850,31.18988202950859,47.87215108830071,0.22,
9,random,950,31.225973159109135,48.44040786768904,0.21894736842105264,
9,random,1050,31.835677035529248,51.592633524948255,0.22285714285714286,
9,random,1150,31.710851818103215,51.265763142135505,0.22434782608695653,
9,random,1250,31.88040079533742,51.7641372602262,0.2208,
9,random,1350,32.12685679904771,52.945994643172924,0.22296296296296297,
9,random,1354,31.28184895722749,51.12442903706815,0.22378138847858198,
9,heuristic,50,40.55014119797587,64.19421444119456,0.2,
9,heuristic,100,35.5088696254784,54.640203643652825,0.6,
9,heuristic,200,33.767439622929246,50.367395803547765,0.8,
9,heuristic,300,34.11225888474884,51.82793498603139,0.8666666666666667,
9,heuristic,400,33.91083389215855,51.170794176569565,0.7575,
9,heuristic,550,32.5412093767613,50.046209166826216,0.5509090909090909,
9,heuristic,650,32.34950081606923,50.522822777515245,0.46615384615384614,
9,heuristic,750,32.535471759984624,51.73178567107495,0.404,
9,heuristic,850,32.913384692160136,50.6315024189743,0.3564705882352941,
9,heuristic,950,32.22393331633082,50.792464160882815,0.31894736842105265,
9,heuristic,1050,33.014933976699425,53.5857848020504,0.2885714285714286,
9,heuristic,1150,32.0500237715054,51.35120013858771,0.2634782608695652,
9,heuristic,1250,31.305292398738022,50.745572947756074,0.2424,
9,heuristic,1350,32.00240293961502,52.83287159817628,0.22444444444444445,
9,heuristic,1354,31.49503841446168,51.53577052223086,0.22378138847858198,
9,gp_uncertainty,50,40.55014119797587,64.19421444119456,0.2,52.272118527353015
9,gp_uncertainty,100,39.352969431433436,69.653588450957,0.41,44.809577653113614
9,gp_uncertainty,200,36.49003948082217,54.35579536873246,0.53,36.932364481961336
9,gp_uncertainty,300,34.92927268984946,53.90692984333547,0.5066666666666667,34.937452667682145
9,gp_uncertainty,400,32.719105646921854,51.79546088728241,0.47,33.59991198032854
9,gp_uncertainty,550,32.19556931810643,51.46804975438742,0.41818181818181815,32.37018008282248
9,gp_uncertainty,650,31.800086435316306,50.530326829253525,0.3861538461538462,32.310113979743996
9,gp_uncertainty,750,32.072687809148405,52.172307680731194,0.36533333333333334,32.018861019401776
9,gp_uncertainty,850,31.919508358936792,51.99315483405042,0.34352941176470586,31.79034058362198
9,gp_uncertainty,950,31.72055637588674,51.54099747694597,0.31684210526315787,33.210880656654176
9,gp_uncertainty,1050,31.64422176700078,51.88579986589761,0.2885714285714286,33.12704182403371
9,gp_uncertainty,1150,31.89512311826267,51.961437742587115,0.2634782608695652,38.24910294995498
9,gp_uncertainty,1250,31.36999128384362,50.97963948312996,0.2424,38.1571537194882
9,gp_uncertainty,1350,31.654009083098966,51.21262756681144,0.22444444444444445,38.04002977142996
9,gp_uncertainty,1354,31.744292532039985,51.611470197796045,0.22378138847858198,38.036330048278835
9,bootstrap_xgb,50,40.55014119797587,64.19421444119456,0.2,50.22607130906107
9,bootstrap_xgb,100,37.60803237484925,52.438116303361014,0.51,44.172518855363556
9,bootstrap_xgb,200,37.217362269016036,52.812326285627535,0.705,39.79282392517234
9,bootstrap_xgb,300,34.28603848084082,52.58345917271319,0.5933333333333334,36.85954961250652
9,bootstrap_xgb,400,32.871308148491586,51.83161083226135,0.5525,33.04992836323901
9,bootstrap_xgb,550,31.91188259313551,50.37385074333636,0.46545454545454545,34.81718618748247
9,bootstrap_xgb,650,31.455821946557148,50.50440144928895,0.40615384615384614,32.42710057272873
9,bootstrap_xgb,750,31.999758971329218,52.6705773069394,0.3586666666666667,32.65680871013789
9,bootstrap_xgb,850,31.647643939208812,51.91437324950136,0.34352941176470586,32.050977340837385
9,bootstrap_xgb,950,31.749675115599103,51.695175902739656,0.31894736842105265,33.91636462110546
9,bootstrap_xgb,1050,32.3413148915461,52.84903876037163,0.2885714285714286,32.96068788069339
9,bootstrap_xgb,1150,31.904161285824877,52.893133989239246,0.2634782608695652,32.67276489485405
9,bootstrap_xgb,1250,31.521881963115376,52.11351962891759,0.2424,32.113859600390384
9,bootstrap_xgb,1350,31.785158138099394,52.37715029885169,0.22444444444444445,32.01770178846476
9,bootstrap_xgb,1354,31.246735104588957,51.003191550644,0.22378138847858198,33.3295733049327
