strategy,seed,lookups,hits
rule_order,0,100,7
rule_order,0,200,12
rule_order,0,300,13
rule_order,0,400,15
rule_order,0,500,20
rule_order,0,600,39
rule_order,0,700,49
rule_order,0,800,56
rule_order,0,900,73
rule_order,0,1000,74
rule_order,0,1100,79
rule_order,0,1200,83
rule_order,0,1300,84
rule_order,0,1400,87
rule_order,0,1500,93
rule_order,0,1600,96
rule_order,0,1700,99
rule_order,0,1800,99
rule_order,0,1900,99
rule_order,0,2000,100
rule_order,0,2100,101
rule_order,0,2200,102
rule_order,0,2300,103
rule_order,0,2400,104
rule_order,0,2500,104
rule_order,0,2600,104
rule_order,0,2700,104
rule_order,0,2800,104
rule_order,0,2900,104
rule_order,0,3000,104
rule_order,0,3100,104
rule_order,0,3200,104
rule_order,0,3300,104
rule_order,0,3400,104
rule_order,0,3500,104
rule_order,0,3600,105
rule_order,0,3700,105
rule_order,0,3800,105
rule_order,0,3900,105
rule_order,0,4000,105
rule_order,0,4100,105
rule_order,0,4200,105
rule_order,0,4300,105
rule_order,0,4400,105
rule_order,0,4500,105
rule_order,0,4600,105
rule_order,0,4700,105
rule_order,0,4800,105
rule_order,0,4900,105
rule_order,0,5000,105
rule_order,0,5100,105
rule_order,0,5200,105
rule_order,0,5300,105
rule_order,0,5400,105
random,0,100,2
random,0,200,5
random,0,300,7
random,0,400,8
random,0,500,10
random,0,600,13
random,0,700,15
random,0,800,16
random,0,900,18
random,0,1000,19
random,0,1100,22
random,0,1200,24
random,0,1300,25
random,0,1400,26
random,0,1500,30
random,0,1600,32
random,0,1700,34
random,0,1800,36
random,0,1900,39
random,0,2000,41
random,0,2100,42
random,0,2200,44
random,0,2300,44
random,0,2400,48
random,0,2500,50
random,0,2600,53
random,0,2700,53
random,0,2800,56
random,0,2900,59
random,0,3000,60
random,0,3100,64
random,0,3200,67
random,0,3300,68
random,0,3400,69
random,0,3500,69
random,0,3600,69
random,0,3700,70
random,0,3800,76
random,0,3900,77
random,0,4000,78
random,0,4100,78
random,0,4200,78
random,0,4300,79
random,0,4400,82
random,0,4500,85
random,0,4600,86
random,0,4700,89
random,0,4800,91
random,0,4900,92
random,0,5000,94
random,0,5100,96
random,0,5200,103
random,0,5300,103
random,0,5400,105
random,1,100,2
random,1,200,3
random,1,300,6
random,1,400,7
random,1,500,9
random,1,600,10
random,1,700,13
random,1,800,13
random,1,900,13
random,1,1000,14
random,1,1100,16
random,1,1200,18
random,1,1300,21
random,1,1400,24
random,1,1500,26
random,1,1600,26
random,1,1700,30
random,1,1800,32
random,1,1900,32
random,1,2000,34
random,1,2100,39
random,1,2200,39
random,1,2300,40
random,1,2400,43
random,1,2500,48
random,1,2600,48
random,1,2700,52
random,1,2800,55
random,1,2900,60
random,1,3000,63
random,1,3100,65
random,1,3200,66
random,1,3300,67
random,1,3400,70
random,1,3500,73
random,1,3600,75
random,1,3700,75
random,1,3800,77
random,1,3900,78
random,1,4000,79
random,1,4100,80
random,1,4200,83
random,1,4300,86
random,1,4400,90
random,1,4500,92
random,1,4600,93
random,1,4700,96
random,1,4800,96
random,1,4900,98
random,1,5000,99
random,1,5100,101
random,1,5200,103
random,1,5300,104
random,1,5400,105
random,2,100,4
random,2,200,6
random,2,300,7
random,2,400,7
random,2,500,8
random,2,600,9
random,2,700,10
random,2,800,12
random,2,900,14
random,2,1000,15
random,2,1100,16
random,2,1200,18
random,2,1300,23
random,2,1400,28
random,2,1500,29
random,2,1600,31
random,2,1700,32
random,2,1800,32
random,2,1900,33
random,2,2000,34
random,2,2100,34
random,2,2200,34
random,2,2300,37
random,2,2400,41
random,2,2500,42
random,2,2600,44
random,2,2700,45
random,2,2800,46
random,2,2900,47
random,2,3000,48
random,2,3100,51
random,2,3200,51
random,2,3300,53
random,2,3400,53
random,2,3500,55
random,2,3600,58
random,2,3700,60
random,2,3800,60
random,2,3900,65
random,2,4000,69
random,2,4100,70
random,2,4200,71
random,2,4300,73
random,2,4400,74
random,2,4500,76
random,2,4600,79
random,2,4700,81
random,2,4800,86
random,2,4900,89
random,2,5000,91
random,2,5100,95
random,2,5200,97
random,2,5300,100
random,2,5400,105
random,3,100,2
random,3,200,4
random,3,300,6
random,3,400,8
random,3,500,13
random,3,600,14
random,3,700,16
random,3,800,23
random,3,900,24
random,3,1000,26
random,3,1100,28
random,3,1200,30
random,3,1300,31
random,3,1400,34
random,3,1500,35
random,3,1600,36
random,3,1700,37
random,3,1800,39
random,3,1900,40
random,3,2000,40
random,3,2100,40
random,3,2200,42
random,3,2300,44
random,3,2400,46
random,3,2500,49
random,3,2600,50
random,3,2700,53
random,3,2800,57
random,3,2900,58
random,3,3000,59
random,3,3100,62
random,3,3200,66
random,3,3300,67
random,3,3400,68
random,3,3500,71
random,3,3600,71
random,3,3700,73
random,3,3800,74
random,3,3900,76
random,3,4000,77
random,3,4100,80
random,3,4200,83
random,3,4300,83
random,3,4400,87
random,3,4500,89
random,3,4600,91
random,3,4700,93
random,3,4800,95
random,3,4900,96
random,3,5000,96
random,3,5100,99
random,3,5200,101
random,3,5300,101
random,3,5400,105
random,4,100,4
random,4,200,5
random,4,300,5
random,4,400,8
random,4,500,10
random,4,600,11
random,4,700,12
random,4,800,15
random,4,900,16
random,4,1000,18
random,4,1100,21
random,4,1200,24
random,4,1300,26
random,4,1400,28
random,4,1500,30
random,4,1600,32
random,4,1700,34
random,4,1800,39
random,4,1900,42
random,4,2000,43
random,4,2100,44
random,4,2200,48
random,4,2300,48
random,4,2400,48
random,4,2500,51
random,4,2600,56
random,4,2700,58
random,4,2800,60
random,4,2900,61
random,4,3000,63
random,4,3100,64
random,4,3200,66
random,4,3300,68
random,4,3400,71
random,4,3500,73
random,4,3600,75
random,4,3700,77
random,4,3800,78
random,4,3900,80
random,4,4000,83
random,4,4100,85
random,4,4200,87
random,4,4300,90
random,4,4400,91
random,4,4500,92
random,4,4600,93
random,4,4700,96
random,4,4800,96
random,4,4900,97
random,4,5000,98
random,4,5100,99
random,4,5200,103
random,4,5300,103
random,4,5400,105
random,5,100,2
random,5,200,4
random,5,300,8
random,5,400,12
random,5,500,16
random,5,600,18
random,5,700,21
random,5,800,21
random,5,900,22
random,5,1000,23
random,5,1100,23
random,5,1200,25
random,5,1300,27
random,5,1400,29
random,5,1500,30
random,5,1600,32
random,5,1700,33
random,5,1800,35
random,5,1900,37
random,5,2000,37
random,5,2100,40
random,5,2200,41
random,5,2300,45
random,5,2400,46
random,5,2500,48
random,5,2600,50
random,5,2700,51
random,5,2800,52
random,5,2900,52
random,5,3000,54
random,5,3100,57
random,5,3200,59
random,5,3300,60
random,5,3400,63
random,5,3500,65
random,5,3600,66
random,5,3700,66
random,5,3800,72
random,5,3900,72
random,5,4000,72
random,5,4100,72
random,5,4200,74
random,5,4300,75
random,5,4400,77
random,5,4500,77
random,5,4600,79
random,5,4700,84
random,5,4800,88
random,5,4900,90
random,5,5000,91
random,5,5100,93
random,5,5200,95
random,5,5300,101
random,5,5400,105
random,6,100,3
random,6,200,4
random,6,300,7
random,6,400,8
random,6,500,9
random,6,600,10
random,6,700,15
random,6,800,18
random,6,900,21
random,6,1000,23
random,6,1100,25
random,6,1200,27
random,6,1300,28
random,6,1400,31
random,6,1500,32
random,6,1600,35
random,6,1700,38
random,6,1800,38
random,6,1900,40
random,6,2000,41
random,6,2100,45
random,6,2200,46
random,6,2300,48
random,6,2400,49
random,6,2500,54
random,6,2600,55
random,6,2700,57
random,6,2800,60
random,6,2900,63
random,6,3000,64
random,6,3100,68
random,6,3200,69
random,6,3300,70
random,6,3400,70
random,6,3500,71
random,6,3600,73
random,6,3700,75
random,6,3800,78
random,6,3900,78
random,6,4000,81
random,6,4100,81
random,6,4200,85
random,6,4300,89
random,6,4400,90
random,6,4500,90
random,6,4600,90
random,6,4700,93
random,6,4800,95
random,6,4900,96
random,6,5000,97
random,6,5100,98
random,6,5200,101
random,6,5300,104
random,6,5400,105
random,7,100,1
random,7,200,4
random,7,300,6
random,7,400,6
random,7,500,8
random,7,600,10
random,7,700,13
random,7,800,14
random,7,900,18
random,7,1000,22
random,7,1100,25
random,7,1200,26
random,7,1300,26
random,7,1400,26
random,7,1500,27
random,7,1600,27
random,7,1700,32
random,7,1800,33
random,7,1900,36
random,7,2000,38
random,7,2100,40
random,7,2200,40
random,7,2300,43
random,7,2400,44
random,7,2500,48
random,7,2600,50
random,7,2700,50
random,7,2800,53
random,7,2900,54
random,7,3000,58
random,7,3100,58
random,7,3200,60
random,7,3300,63
random,7,3400,65
random,7,3500,66
random,7,3600,69
random,7,3700,69
random,7,3800,72
random,7,3900,74
random,7,4000,74
random,7,4100,81
random,7,4200,82
random,7,4300,83
random,7,4400,85
random,7,4500,86
random,7,4600,90
random,7,4700,93
random,7,4800,94
random,7,4900,95
random,7,5000,96
random,7,5100,99
random,7,5200,100
random,7,5300,103
random,7,5400,105
random,8,100,3
random,8,200,8
random,8,300,11
random,8,400,11
random,8,500,15
random,8,600,16
random,8,700,16
random,8,800,17
random,8,900,18
random,8,1000,21
random,8,1100,22
random,8,1200,23
random,8,1300,25
random,8,1400,27
random,8,1500,29
random,8,1600,33
random,8,1700,33
random,8,1800,35
random,8,1900,35
random,8,2000,36
random,8,2100,39
random,8,2200,41
random,8,2300,42
random,8,2400,43
random,8,2500,45
random,8,2600,47
random,8,2700,47
random,8,2800,52
random,8,2900,53
random,8,3000,55
random,8,3100,60
random,8,3200,63
random,8,3300,64
random,8,3400,64
random,8,3500,68
random,8,3600,70
random,8,3700,72
random,8,3800,73
random,8,3900,79
random,8,4000,80
random,8,4100,82
random,8,4200,86
random,8,4300,86
random,8,4400,87
random,8,4500,90
random,8,4600,92
random,8,4700,93
random,8,4800,94
random,8,4900,96
random,8,5000,100
random,8,5100,102
random,8,5200,102
random,8,5300,102
random,8,5400,105
random,9,100,2
random,9,200,4
random,9,300,5
random,9,400,9
random,9,500,11
random,9,600,14
random,9,700,15
random,9,800,17
random,9,900,19
random,9,1000,19
random,9,1100,20
random,9,1200,21
random,9,1300,22
random,9,1400,25
random,9,1500,27
random,9,1600,28
random,9,1700,29
random,9,1800,30
random,9,1900,32
random,9,2000,34
random,9,2100,36
random,9,2200,37
random,9,2300,39
random,9,2400,40
random,9,2500,41
random,9,2600,42
random,9,2700,43
random,9,2800,48
random,9,2900,48
random,9,3000,50
random,9,3100,51
random,9,3200,53
random,9,3300,54
random,9,3400,58
random,9,3500,60
random,9,3600,62
random,9,3700,63
random,9,3800,67
random,9,3900,70
random,9,4000,72
random,9,4100,75
random,9,4200,75
random,9,4300,82
random,9,4400,83
random,9,4500,85
random,9,4600,88
random,9,4700,89
random,9,4800,91
random,9,4900,93
random,9,5000,95
random,9,5100,100
random,9,5200,101
random,9,5300,103
random,9,5400,105
random,10,100,2
random,10,200,4
random,10,300,5
random,10,400,7
random,10,500,9
random,10,600,10
random,10,700,14
random,10,800,17
random,10,900,19
random,10,1000,20
random,10,1100,22
random,10,1200,25
random,10,1300,28
random,10,1400,29
random,10,1500,30
random,10,1600,31
random,10,1700,37
random,10,1800,38
random,10,1900,38
random,10,2000,45
random,10,2100,47
random,10,2200,51
random,10,2300,52
random,10,2400,53
random,10,2500,56
random,10,2600,57
random,10,2700,60
random,10,2800,63
random,10,2900,67
random,10,3000,70
random,10,3100,72
random,10,3200,72
random,10,3300,73
random,10,3400,75
random,10,3500,80
random,10,3600,82
random,10,3700,85
random,10,3800,87
random,10,3900,87
random,10,4000,89
random,10,4100,90
random,10,4200,90
random,10,4300,90
random,10,4400,91
random,10,4500,92
random,10,4600,93
random,10,4700,94
random,10,4800,97
random,10,4900,98
random,10,5000,100
random,10,5100,101
random,10,5200,102
random,10,5300,104
random,10,5400,105
random,11,100,2
random,11,200,8
random,11,300,10
random,11,400,12
random,11,500,13
random,11,600,14
random,11,700,17
random,11,800,17
random,11,900,18
random,11,1000,21
random,11,1100,21
random,11,1200,25
random,11,1300,27
random,11,1400,29
random,11,1500,32
random,11,1600,33
random,11,1700,34
random,11,1800,37
random,11,1900,37
random,11,2000,39
random,11,2100,41
random,11,2200,44
random,11,2300,45
random,11,2400,45
random,11,2500,47
random,11,2600,48
random,11,2700,51
random,11,2800,55
random,11,2900,59
random,11,3000,60
random,11,3100,61
random,11,3200,62
random,11,3300,63
random,11,3400,70
random,11,3500,71
random,11,3600,74
random,11,3700,75
random,11,3800,76
random,11,3900,78
random,11,4000,81
random,11,4100,83
random,11,4200,85
random,11,4300,87
random,11,4400,87
random,11,4500,88
random,11,4600,89
random,11,4700,92
random,11,4800,94
random,11,4900,97
random,11,5000,99
random,11,5100,100
random,11,5200,101
random,11,5300,103
random,11,5400,105
random,12,100,0
random,12,200,1
random,12,300,4
random,12,400,9
random,12,500,11
random,12,600,13
random,12,700,14
random,12,800,17
random,12,900,18
random,12,1000,18
random,12,1100,19
random,12,1200,19
random,12,1300,21
random,12,1400,21
random,12,1500,22
random,12,1600,23
random,12,1700,26
random,12,1800,26
random,12,1900,27
random,12,2000,30
random,12,2100,32
random,12,2200,35
random,12,2300,37
random,12,2400,40
random,12,2500,42
random,12,2600,45
random,12,2700,45
random,12,2800,48
random,12,2900,50
random,12,3000,52
random,12,3100,53
random,12,3200,57
random,12,3300,59
random,12,3400,61
random,12,3500,65
random,12,3600,70
random,12,3700,71
random,12,3800,73
random,12,3900,76
random,12,4000,79
random,12,4100,80
random,12,4200,83
random,12,4300,85
random,12,4400,86
random,12,4500,91
random,12,4600,91
random,12,4700,92
random,12,4800,95
random,12,4900,97
random,12,5000,97
random,12,5100,100
random,12,5200,100
random,12,5300,103
random,12,5400,105
random,13,100,2
random,13,200,4
random,13,300,6
random,13,400,8
random,13,500,11
random,13,600,13
random,13,700,14
random,13,800,17
random,13,900,17
random,13,1000,17
random,13,1100,18
random,13,1200,18
random,13,1300,18
random,13,1400,19
random,13,1500,20
random,13,1600,21
random,13,1700,24
random,13,1800,24
random,13,1900,26
random,13,2000,28
random,13,2100,33
random,13,2200,35
random,13,2300,37
random,13,2400,39
random,13,2500,41
random,13,2600,44
random,13,2700,46
random,13,2800,49
random,13,2900,49
random,13,3000,50
random,13,3100,52
random,13,3200,52
random,13,3300,52
random,13,3400,55
random,13,3500,59
random,13,3600,62
random,13,3700,63
random,13,3800,65
random,13,3900,69
random,13,4000,73
random,13,4100,76
random,13,4200,77
random,13,4300,80
random,13,4400,82
random,13,4500,87
random,13,4600,90
random,13,4700,92
random,13,4800,93
random,13,4900,98
random,13,5000,99
random,13,5100,101
random,13,5200,101
random,13,5300,103
random,13,5400,105
random,14,100,3
random,14,200,3
random,14,300,4
random,14,400,5
random,14,500,5
random,14,600,5
random,14,700,6
random,14,800,9
random,14,900,10
random,14,1000,10
random,14,1100,11
random,14,1200,14
random,14,1300,16
random,14,1400,20
random,14,1500,22
random,14,1600,23
random,14,1700,29
random,14,1800,31
random,14,1900,33
random,14,2000,36
random,14,2100,37
random,14,2200,39
random,14,2300,40
random,14,2400,42
random,14,2500,46
random,14,2600,49
random,14,2700,52
random,14,2800,56
random,14,2900,57
random,14,3000,58
random,14,3100,59
random,14,3200,63
random,14,3300,64
random,14,3400,67
random,14,3500,69
random,14,3600,69
random,14,3700,72
random,14,3800,73
random,14,3900,76
random,14,4000,77
random,14,4100,79
random,14,4200,80
random,14,4300,83
random,14,4400,84
random,14,4500,88
random,14,4600,91
random,14,4700,92
random,14,4800,92
random,14,4900,95
random,14,5000,95
random,14,5100,101
random,14,5200,101
random,14,5300,104
random,14,5400,105
random,15,100,4
random,15,200,6
random,15,300,9
random,15,400,14
random,15,500,17
random,15,600,17
random,15,700,18
random,15,800,19
random,15,900,21
random,15,1000,23
random,15,1100,24
random,15,1200,25
random,15,1300,28
random,15,1400,31
random,15,1500,32
random,15,1600,37
random,15,1700,39
random,15,1800,43
random,15,1900,46
random,15,2000,49
random,15,2100,50
random,15,2200,50
random,15,2300,51
random,15,2400,51
random,15,2500,54
random,15,2600,57
random,15,2700,59
random,15,2800,61
random,15,2900,62
random,15,3000,63
random,15,3100,65
random,15,3200,70
random,15,3300,70
random,15,3400,72
random,15,3500,74
random,15,3600,76
random,15,3700,77
random,15,3800,77
random,15,3900,78
random,15,4000,79
random,15,4100,83
random,15,4200,84
random,15,4300,84
random,15,4400,85
random,15,4500,87
random,15,4600,88
random,15,4700,89
random,15,4800,91
random,15,4900,92
random,15,5000,93
random,15,5100,97
random,15,5200,100
random,15,5300,101
random,15,5400,105
random,16,100,1
random,16,200,2
random,16,300,3
random,16,400,7
random,16,500,7
random,16,600,9
random,16,700,10
random,16,800,12
random,16,900,13
random,16,1000,15
random,16,1100,17
random,16,1200,22
random,16,1300,23
random,16,1400,25
random,16,1500,27
random,16,1600,27
random,16,1700,29
random,16,1800,33
random,16,1900,37
random,16,2000,40
random,16,2100,41
random,16,2200,44
random,16,2300,48
random,16,2400,51
random,16,2500,51
random,16,2600,51
random,16,2700,51
random,16,2800,53
random,16,2900,56
random,16,3000,58
random,16,3100,62
random,16,3200,66
random,16,3300,68
random,16,3400,71
random,16,3500,73
random,16,3600,73
random,16,3700,78
random,16,3800,80
random,16,3900,83
random,16,4000,85
random,16,4100,86
random,16,4200,91
random,16,4300,91
random,16,4400,92
random,16,4500,94
random,16,4600,96
random,16,4700,97
random,16,4800,99
random,16,4900,99
random,16,5000,99
random,16,5100,101
random,16,5200,102
random,16,5300,104
random,16,5400,105
random,17,100,2
random,17,200,5
random,17,300,6
random,17,400,7
random,17,500,9
random,17,600,10
random,17,700,10
random,17,800,13
random,17,900,15
random,17,1000,18
random,17,1100,20
random,17,1200,24
random,17,1300,25
random,17,1400,27
random,17,1500,28
random,17,1600,30
random,17,1700,31
random,17,1800,31
random,17,1900,36
random,17,2000,38
random,17,2100,42
random,17,2200,45
random,17,2300,48
random,17,2400,50
random,17,2500,51
random,17,2600,52
random,17,2700,53
random,17,2800,55
random,17,2900,57
random,17,3000,58
random,17,3100,59
random,17,3200,60
random,17,3300,64
random,17,3400,65
random,17,3500,69
random,17,3600,71
random,17,3700,72
random,17,3800,74
random,17,3900,75
random,17,4000,77
random,17,4100,79
random,17,4200,81
random,17,4300,82
random,17,4400,83
random,17,4500,86
random,17,4600,90
random,17,4700,92
random,17,4800,92
random,17,4900,94
random,17,5000,98
random,17,5100,100
random,17,5200,102
random,17,5300,105
random,17,5400,105
random,18,100,3
random,18,200,8
random,18,300,10
random,18,400,11
random,18,500,12
random,18,600,13
random,18,700,14
random,18,800,17
random,18,900,21
random,18,1000,22
random,18,1100,22
random,18,1200,24
random,18,1300,30
random,18,1400,34
random,18,1500,36
random,18,1600,37
random,18,1700,37
random,18,1800,40
random,18,1900,43
random,18,2000,44
random,18,2100,48
random,18,2200,50
random,18,2300,51
random,18,2400,53
random,18,2500,55
random,18,2600,56
random,18,2700,58
random,18,2800,60
random,18,2900,62
random,18,3000,64
random,18,3100,66
random,18,3200,67
random,18,3300,69
random,18,3400,72
random,18,3500,73
random,18,3600,75
random,18,3700,77
random,18,3800,79
random,18,3900,81
random,18,4000,82
random,18,4100,83
random,18,4200,85
random,18,4300,87
random,18,4400,88
random,18,4500,90
random,18,4600,91
random,18,4700,93
random,18,4800,95
random,18,4900,97
random,18,5000,98
random,18,5100,100
random,18,5200,102
random,18,5300,102
random,18,5400,105
random,19,100,2
random,19,200,3
random,19,300,5
random,19,400,5
random,19,500,7
random,19,600,9
random,19,700,10
random,19,800,14
random,19,900,18
random,19,1000,20
random,19,1100,23
random,19,1200,24
random,19,1300,25
random,19,1400,28
random,19,1500,29
random,19,1600,31
random,19,1700,32
random,19,1800,33
random,19,1900,37
random,19,2000,39
random,19,2100,41
random,19,2200,43
random,19,2300,44
random,19,2400,47
random,19,2500,47
random,19,2600,49
random,19,2700,50
random,19,2800,51
random,19,2900,53
random,19,3000,55
random,19,3100,56
random,19,3200,59
random,19,3300,59
random,19,3400,61
random,19,3500,63
random,19,3600,65
random,19,3700,67
random,19,3800,69
random,19,3900,72
random,19,4000,75
random,19,4100,77
random,19,4200,79
random,19,4300,81
random,19,4400,82
random,19,4500,83
random,19,4600,84
random,19,4700,89
random,19,4800,94
random,19,4900,99
random,19,5000,99
random,19,5100,100
random,19,5200,101
random,19,5300,103
random,19,5400,105
uncertainty,0,100,1
uncertainty,0,200,1
uncertainty,0,300,1
uncertainty,0,400,1
uncertainty,0,500,1
uncertainty,0,600,1
uncertainty,0,700,1
uncertainty,0,800,1
uncertainty,0,900,1
uncertainty,0,1000,1
uncertainty,0,1100,1
uncertainty,0,1200,1
uncertainty,0,1300,1
uncertainty,0,1400,1
uncertainty,0,1500,2
uncertainty,0,1600,2
uncertainty,0,1700,2
uncertainty,0,1800,2
uncertainty,0,1900,2
uncertainty,0,2000,2
uncertainty,0,2100,5
uncertainty,0,2200,6
uncertainty,0,2300,6
uncertainty,0,2400,6
uncertainty,0,2500,6
uncertainty,0,2600,6
uncertainty,0,2700,6
uncertainty,0,2800,6
uncertainty,0,2900,6
uncertainty,0,3000,6
uncertainty,0,3100,6
uncertainty,0,3200,7
uncertainty,0,3300,8
uncertainty,0,3400,8
uncertainty,0,3500,9
uncertainty,0,3600,9
uncertainty,0,3700,10
uncertainty,0,3800,12
uncertainty,0,3900,17
uncertainty,0,4000,18
uncertainty,0,4100,18
uncertainty,0,4200,19
uncertainty,0,4300,22
uncertainty,0,4400,24
uncertainty,0,4500,29
uncertainty,0,4600,46
uncertainty,0,4700,54
uncertainty,0,4800,57
uncertainty,0,4900,66
uncertainty,0,5000,71
uncertainty,0,5100,74
uncertainty,0,5200,81
uncertainty,0,5300,90
uncertainty,0,5400,105
uncertainty,1,100,3
uncertainty,1,200,3
uncertainty,1,300,3
uncertainty,1,400,3
uncertainty,1,500,3
uncertainty,1,600,3
uncertainty,1,700,3
uncertainty,1,800,3
uncertainty,1,900,3
uncertainty,1,1000,3
uncertainty,1,1100,3
uncertainty,1,1200,3
uncertainty,1,1300,3
uncertainty,1,1400,3
uncertainty,1,1500,3
uncertainty,1,1600,4
uncertainty,1,1700,4
uncertainty,1,1800,4
uncertainty,1,1900,4
uncertainty,1,2000,4
uncertainty,1,2100,5
uncertainty,1,2200,6
uncertainty,1,2300,6
uncertainty,1,2400,6
uncertainty,1,2500,8
uncertainty,1,2600,8
uncertainty,1,2700,8
uncertainty,1,2800,8
uncertainty,1,2900,8
uncertainty,1,3000,8
uncertainty,1,3100,8
uncertainty,1,3200,8
uncertainty,1,3300,12
uncertainty,1,3400,13
uncertainty,1,3500,13
uncertainty,1,3600,13
uncertainty,1,3700,14
uncertainty,1,3800,18
uncertainty,1,3900,20
uncertainty,1,4000,21
uncertainty,1,4100,22
uncertainty,1,4200,23
uncertainty,1,4300,27
uncertainty,1,4400,30
uncertainty,1,4500,31
uncertainty,1,4600,35
uncertainty,1,4700,50
uncertainty,1,4800,54
uncertainty,1,4900,55
uncertainty,1,5000,60
uncertainty,1,5100,67
uncertainty,1,5200,80
uncertainty,1,5300,96
uncertainty,1,5400,105
uncertainty,2,100,2
uncertainty,2,200,2
uncertainty,2,300,2
uncertainty,2,400,2
uncertainty,2,500,2
uncertainty,2,600,2
uncertainty,2,700,2
uncertainty,2,800,2
uncertainty,2,900,2
uncertainty,2,1000,2
uncertainty,2,1100,2
uncertainty,2,1200,2
uncertainty,2,1300,2
uncertainty,2,1400,2
uncertainty,2,1500,3
uncertainty,2,1600,3
uncertainty,2,1700,3
uncertainty,2,1800,3
uncertainty,2,1900,3
uncertainty,2,2000,3
uncertainty,2,2100,3
uncertainty,2,2200,3
uncertainty,2,2300,6
uncertainty,2,2400,6
uncertainty,2,2500,6
uncertainty,2,2600,7
uncertainty,2,2700,7
uncertainty,2,2800,7
uncertainty,2,2900,7
uncertainty,2,3000,7
uncertainty,2,3100,7
uncertainty,2,3200,7
uncertainty,2,3300,9
uncertainty,2,3400,10
uncertainty,2,3500,10
uncertainty,2,3600,10
uncertainty,2,3700,11
uncertainty,2,3800,12
uncertainty,2,3900,14
uncertainty,2,4000,16
uncertainty,2,4100,17
uncertainty,2,4200,20
uncertainty,2,4300,24
uncertainty,2,4400,29
uncertainty,2,4500,30
uncertainty,2,4600,45
uncertainty,2,4700,51
uncertainty,2,4800,61
uncertainty,2,4900,64
uncertainty,2,5000,71
uncertainty,2,5100,79
uncertainty,2,5200,89
uncertainty,2,5300,96
uncertainty,2,5400,105
uncertainty,3,100,1
uncertainty,3,200,1
uncertainty,3,300,1
uncertainty,3,400,1
uncertainty,3,500,1
uncertainty,3,600,1
uncertainty,3,700,1
uncertainty,3,800,1
uncertainty,3,900,1
uncertainty,3,1000,1
uncertainty,3,1100,1
uncertainty,3,1200,1
uncertainty,3,1300,1
uncertainty,3,1400,1
uncertainty,3,1500,1
uncertainty,3,1600,2
uncertainty,3,1700,2
uncertainty,3,1800,3
uncertainty,3,1900,3
uncertainty,3,2000,4
uncertainty,3,2100,4
uncertainty,3,2200,4
uncertainty,3,2300,4
uncertainty,3,2400,4
uncertainty,3,2500,6
uncertainty,3,2600,6
uncertainty,3,2700,6
uncertainty,3,2800,6
uncertainty,3,2900,7
uncertainty,3,3000,7
uncertainty,3,3100,8
uncertainty,3,3200,9
uncertainty,3,3300,9
uncertainty,3,3400,9
uncertainty,3,3500,9
uncertainty,3,3600,10
uncertainty,3,3700,11
uncertainty,3,3800,14
uncertainty,3,3900,14
uncertainty,3,4000,14
uncertainty,3,4100,14
uncertainty,3,4200,16
uncertainty,3,4300,23
uncertainty,3,4400,24
uncertainty,3,4500,30
uncertainty,3,4600,34
uncertainty,3,4700,39
uncertainty,3,4800,45
uncertainty,3,4900,54
uncertainty,3,5000,65
uncertainty,3,5100,71
uncertainty,3,5200,83
uncertainty,3,5300,96
uncertainty,3,5400,105
uncertainty,4,100,1
uncertainty,4,200,2
uncertainty,4,300,2
uncertainty,4,400,2
uncertainty,4,500,2
uncertainty,4,600,2
uncertainty,4,700,2
uncertainty,4,800,2
uncertainty,4,900,2
uncertainty,4,1000,2
uncertainty,4,1100,2
uncertainty,4,1200,2
uncertainty,4,1300,2
uncertainty,4,1400,2
uncertainty,4,1500,2
uncertainty,4,1600,2
uncertainty,4,1700,2
uncertainty,4,1800,2
uncertainty,4,1900,2
uncertainty,4,2000,2
uncertainty,4,2100,2
uncertainty,4,2200,3
uncertainty,4,2300,3
uncertainty,4,2400,3
uncertainty,4,2500,5
uncertainty,4,2600,6
uncertainty,4,2700,7
uncertainty,4,2800,7
uncertainty,4,2900,7
uncertainty,4,3000,7
uncertainty,4,3100,7
uncertainty,4,3200,7
uncertainty,4,3300,8
uncertainty,4,3400,8
uncertainty,4,3500,8
uncertainty,4,3600,8
uncertainty,4,3700,8
uncertainty,4,3800,9
uncertainty,4,3900,11
uncertainty,4,4000,19
uncertainty,4,4100,24
uncertainty,4,4200,25
uncertainty,4,4300,27
uncertainty,4,4400,33
uncertainty,4,4500,40
uncertainty,4,4600,42
uncertainty,4,4700,47
uncertainty,4,4800,48
uncertainty,4,4900,55
uncertainty,4,5000,65
uncertainty,4,5100,72
uncertainty,4,5200,81
uncertainty,4,5300,88
uncertainty,4,5400,105
feasibility,0,100,1
feasibility,0,200,8
feasibility,0,300,24
feasibility,0,400,41
feasibility,0,500,57
feasibility,0,600,65
feasibility,0,700,72
feasibility,0,800,79
feasibility,0,900,86
feasibility,0,1000,89
feasibility,0,1100,89
feasibility,0,1200,90
feasibility,0,1300,91
feasibility,0,1400,91
feasibility,0,1500,93
feasibility,0,1600,93
feasibility,0,1700,93
feasibility,0,1800,93
feasibility,0,1900,94
feasibility,0,2000,94
feasibility,0,2100,94
feasibility,0,2200,94
feasibility,0,2300,94
feasibility,0,2400,94
feasibility,0,2500,94
feasibility,0,2600,99
feasibility,0,2700,101
feasibility,0,2800,102
feasibility,0,2900,103
feasibility,0,3000,104
feasibility,0,3100,104
feasibility,0,3200,105
feasibility,0,3300,105
feasibility,0,3400,105
feasibility,0,3500,105
feasibility,0,3600,105
feasibility,0,3700,105
feasibility,0,3800,105
feasibility,0,3900,105
feasibility,0,4000,105
feasibility,0,4100,105
feasibility,0,4200,105
feasibility,0,4300,105
feasibility,0,4400,105
feasibility,0,4500,105
feasibility,0,4600,105
feasibility,0,4700,105
feasibility,0,4800,105
feasibility,0,4900,105
feasibility,0,5000,105
feasibility,0,5100,105
feasibility,0,5200,105
feasibility,0,5300,105
feasibility,0,5400,105
feasibility,1,100,3
feasibility,1,200,10
feasibility,1,300,36
feasibility,1,400,48
feasibility,1,500,55
feasibility,1,600,64
feasibility,1,700,73
feasibility,1,800,83
feasibility,1,900,86
feasibility,1,1000,89
feasibility,1,1100,90
feasibility,1,1200,93
feasibility,1,1300,95
feasibility,1,1400,95
feasibility,1,1500,98
feasibility,1,1600,98
feasibility,1,1700,99
feasibility,1,1800,102
feasibility,1,1900,102
feasibility,1,2000,103
feasibility,1,2100,103
feasibility,1,2200,103
feasibility,1,2300,103
feasibility,1,2400,104
feasibility,1,2500,104
feasibility,1,2600,104
feasibility,1,2700,104
feasibility,1,2800,104
feasibility,1,2900,105
feasibility,1,3000,105
feasibility,1,3100,105
feasibility,1,3200,105
feasibility,1,3300,105
feasibility,1,3400,105
feasibility,1,3500,105
feasibility,1,3600,105
feasibility,1,3700,105
feasibility,1,3800,105
feasibility,1,3900,105
feasibility,1,4000,105
feasibility,1,4100,105
feasibility,1,4200,105
feasibility,1,4300,105
feasibility,1,4400,105
feasibility,1,4500,105
feasibility,1,4600,105
feasibility,1,4700,105
feasibility,1,4800,105
feasibility,1,4900,105
feasibility,1,5000,105
feasibility,1,5100,105
feasibility,1,5200,105
feasibility,1,5300,105
feasibility,1,5400,105
feasibility,2,100,2
feasibility,2,200,9
feasibility,2,300,34
feasibility,2,400,41
feasibility,2,500,56
feasibility,2,600,65
feasibility,2,700,74
feasibility,2,800,79
feasibility,2,900,80
feasibility,2,1000,85
feasibility,2,1100,87
feasibility,2,1200,89
feasibility,2,1300,92
feasibility,2,1400,92
feasibility,2,1500,92
feasibility,2,1600,92
feasibility,2,1700,93
feasibility,2,1800,94
feasibility,2,1900,94
feasibility,2,2000,94
feasibility,2,2100,94
feasibility,2,2200,94
feasibility,2,2300,94
feasibility,2,2400,94
feasibility,2,2500,94
feasibility,2,2600,99
feasibility,2,2700,101
feasibility,2,2800,102
feasibility,2,2900,103
feasibility,2,3000,104
feasibility,2,3100,104
feasibility,2,3200,105
feasibility,2,3300,105
feasibility,2,3400,105
feasibility,2,3500,105
feasibility,2,3600,105
feasibility,2,3700,105
feasibility,2,3800,105
feasibility,2,3900,105
feasibility,2,4000,105
feasibility,2,4100,105
feasibility,2,4200,105
feasibility,2,4300,105
feasibility,2,4400,105
feasibility,2,4500,105
feasibility,2,4600,105
feasibility,2,4700,105
feasibility,2,4800,105
feasibility,2,4900,105
feasibility,2,5000,105
feasibility,2,5100,105
feasibility,2,5200,105
feasibility,2,5300,105
feasibility,2,5400,105
feasibility,3,100,1
feasibility,3,200,8
feasibility,3,300,23
feasibility,3,400,38
feasibility,3,500,57
feasibility,3,600,66
feasibility,3,700,74
feasibility,3,800,80
feasibility,3,900,82
feasibility,3,1000,84
feasibility,3,1100,91
feasibility,3,1200,96
feasibility,3,1300,98
feasibility,3,1400,98
feasibility,3,1500,98
feasibility,3,1600,100
feasibility,3,1700,100
feasibility,3,1800,100
feasibility,3,1900,102
feasibility,3,2000,102
feasibility,3,2100,102
feasibility,3,2200,103
feasibility,3,2300,103
feasibility,3,2400,104
feasibility,3,2500,104
feasibility,3,2600,104
feasibility,3,2700,104
feasibility,3,2800,105
feasibility,3,2900,105
feasibility,3,3000,105
feasibility,3,3100,105
feasibility,3,3200,105
feasibility,3,3300,105
feasibility,3,3400,105
feasibility,3,3500,105
feasibility,3,3600,105
feasibility,3,3700,105
feasibility,3,3800,105
feasibility,3,3900,105
feasibility,3,4000,105
feasibility,3,4100,105
feasibility,3,4200,105
feasibility,3,4300,105
feasibility,3,4400,105
feasibility,3,4500,105
feasibility,3,4600,105
feasibility,3,4700,105
feasibility,3,4800,105
feasibility,3,4900,105
feasibility,3,5000,105
feasibility,3,5100,105
feasibility,3,5200,105
feasibility,3,5300,105
feasibility,3,5400,105
feasibility,4,100,1
feasibility,4,200,8
feasibility,4,300,27
feasibility,4,400,42
feasibility,4,500,48
feasibility,4,600,53
feasibility,4,700,67
feasibility,4,800,77
feasibility,4,900,84
feasibility,4,1000,85
feasibility,4,1100,88
feasibility,4,1200,89
feasibility,4,1300,90
feasibility,4,1400,91
feasibility,4,1500,92
feasibility,4,1600,92
feasibility,4,1700,93
feasibility,4,1800,93
feasibility,4,1900,93
feasibility,4,2000,98
feasibility,4,2100,100
feasibility,4,2200,101
feasibility,4,2300,102
feasibility,4,2400,103
feasibility,4,2500,103
feasibility,4,2600,103
feasibility,4,2700,104
feasibility,4,2800,104
feasibility,4,2900,104
feasibility,4,3000,104
feasibility,4,3100,104
feasibility,4,3200,105
feasibility,4,3300,105
feasibility,4,3400,105
feasibility,4,3500,105
feasibility,4,3600,105
feasibility,4,3700,105
feasibility,4,3800,105
feasibility,4,3900,105
feasibility,4,4000,105
feasibility,4,4100,105
feasibility,4,4200,105
feasibility,4,4300,105
feasibility,4,4400,105
feasibility,4,4500,105
feasibility,4,4600,105
feasibility,4,4700,105
feasibility,4,4800,105
feasibility,4,4900,105
feasibility,4,5000,105
feasibility,4,5100,105
feasibility,4,5200,105
feasibility,4,5300,105
feasibility,4,5400,105
feasibility_weighted,0,100,1
feasibility_weighted,0,200,1
feasibility_weighted,0,300,1
feasibility_weighted,0,400,1
feasibility_weighted,0,500,1
feasibility_weighted,0,600,1
feasibility_weighted,0,700,1
feasibility_weighted,0,800,1
feasibility_weighted,0,900,1
feasibility_weighted,0,1000,1
feasibility_weighted,0,1100,1
feasibility_weighted,0,1200,1
feasibility_weighted,0,1300,1
feasibility_weighted,0,1400,1
feasibility_weighted,0,1500,2
feasibility_weighted,0,1600,2
feasibility_weighted,0,1700,2
feasibility_weighted,0,1800,2
feasibility_weighted,0,1900,2
feasibility_weighted,0,2000,2
feasibility_weighted,0,2100,5
feasibility_weighted,0,2200,6
feasibility_weighted,0,2300,6
feasibility_weighted,0,2400,6
feasibility_weighted,0,2500,6
feasibility_weighted,0,2600,6
feasibility_weighted,0,2700,6
feasibility_weighted,0,2800,6
feasibility_weighted,0,2900,6
feasibility_weighted,0,3000,6
feasibility_weighted,0,3100,6
feasibility_weighted,0,3200,7
feasibility_weighted,0,3300,10
feasibility_weighted,0,3400,34
feasibility_weighted,0,3500,49
feasibility_weighted,0,3600,66
feasibility_weighted,0,3700,74
feasibility_weighted,0,3800,81
feasibility_weighted,0,3900,87
feasibility_weighted,0,4000,92
feasibility_weighted,0,4100,93
feasibility_weighted,0,4200,93
feasibility_weighted,0,4300,94
feasibility_weighted,0,4400,94
feasibility_weighted,0,4500,94
feasibility_weighted,0,4600,95
feasibility_weighted,0,4700,101
feasibility_weighted,0,4800,102
feasibility_weighted,0,4900,102
feasibility_weighted,0,5000,103
feasibility_weighted,0,5100,104
feasibility_weighted,0,5200,104
feasibility_weighted,0,5300,105
feasibility_weighted,0,5400,105
feasibility_weighted,1,100,3
feasibility_weighted,1,200,3
feasibility_weighted,1,300,3
feasibility_weighted,1,400,3
feasibility_weighted,1,500,3
feasibility_weighted,1,600,3
feasibility_weighted,1,700,3
feasibility_weighted,1,800,3
feasibility_weighted,1,900,3
feasibility_weighted,1,1000,3
feasibility_weighted,1,1100,3
feasibility_weighted,1,1200,3
feasibility_weighted,1,1300,3
feasibility_weighted,1,1400,3
feasibility_weighted,1,1500,3
feasibility_weighted,1,1600,4
feasibility_weighted,1,1700,4
feasibility_weighted,1,1800,4
feasibility_weighted,1,1900,4
feasibility_weighted,1,2000,4
feasibility_weighted,1,2100,5
feasibility_weighted,1,2200,6
feasibility_weighted,1,2300,6
feasibility_weighted,1,2400,6
feasibility_weighted,1,2500,8
feasibility_weighted,1,2600,21
feasibility_weighted,1,2700,41
feasibility_weighted,1,2800,52
feasibility_weighted,1,2900,55
feasibility_weighted,1,3000,62
feasibility_weighted,1,3100,76
feasibility_weighted,1,3200,86
feasibility_weighted,1,3300,89
feasibility_weighted,1,3400,92
feasibility_weighted,1,3500,92
feasibility_weighted,1,3600,92
feasibility_weighted,1,3700,95
feasibility_weighted,1,3800,97
feasibility_weighted,1,3900,99
feasibility_weighted,1,4000,100
feasibility_weighted,1,4100,100
feasibility_weighted,1,4200,101
feasibility_weighted,1,4300,103
feasibility_weighted,1,4400,103
feasibility_weighted,1,4500,103
feasibility_weighted,1,4600,104
feasibility_weighted,1,4700,104
feasibility_weighted,1,4800,105
feasibility_weighted,1,4900,105
feasibility_weighted,1,5000,105
feasibility_weighted,1,5100,105
feasibility_weighted,1,5200,105
feasibility_weighted,1,5300,105
feasibility_weighted,1,5400,105
feasibility_weighted,2,100,2
feasibility_weighted,2,200,2
feasibility_weighted,2,300,2
feasibility_weighted,2,400,2
feasibility_weighted,2,500,2
feasibility_weighted,2,600,2
feasibility_weighted,2,700,2
feasibility_weighted,2,800,2
feasibility_weighted,2,900,2
feasibility_weighted,2,1000,2
feasibility_weighted,2,1100,2
feasibility_weighted,2,1200,2
feasibility_weighted,2,1300,2
feasibility_weighted,2,1400,2
feasibility_weighted,2,1500,3
feasibility_weighted,2,1600,3
feasibility_weighted,2,1700,3
feasibility_weighted,2,1800,3
feasibility_weighted,2,1900,3
feasibility_weighted,2,2000,3
feasibility_weighted,2,2100,3
feasibility_weighted,2,2200,3
feasibility_weighted,2,2300,6
feasibility_weighted,2,2400,6
feasibility_weighted,2,2500,6
feasibility_weighted,2,2600,7
feasibility_weighted,2,2700,13
feasibility_weighted,2,2800,28
feasibility_weighted,2,2900,43
feasibility_weighted,2,3000,55
feasibility_weighted,2,3100,63
feasibility_weighted,2,3200,68
feasibility_weighted,2,3300,85
feasibility_weighted,2,3400,88
feasibility_weighted,2,3500,91
feasibility_weighted,2,3600,92
feasibility_weighted,2,3700,92
feasibility_weighted,2,3800,93
feasibility_weighted,2,3900,94
feasibility_weighted,2,4000,94
feasibility_weighted,2,4100,94
feasibility_weighted,2,4200,95
feasibility_weighted,2,4300,101
feasibility_weighted,2,4400,102
feasibility_weighted,2,4500,102
feasibility_weighted,2,4600,102
feasibility_weighted,2,4700,103
feasibility_weighted,2,4800,104
feasibility_weighted,2,4900,104
feasibility_weighted,2,5000,105
feasibility_weighted,2,5100,105
feasibility_weighted,2,5200,105
feasibility_weighted,2,5300,105
feasibility_weighted,2,5400,105
feasibility_weighted,3,100,1
feasibility_weighted,3,200,1
feasibility_weighted,3,300,1
feasibility_weighted,3,400,1
feasibility_weighted,3,500,1
feasibility_weighted,3,600,1
feasibility_weighted,3,700,1
feasibility_weighted,3,800,1
feasibility_weighted,3,900,1
feasibility_weighted,3,1000,1
feasibility_weighted,3,1100,1
feasibility_weighted,3,1200,1
feasibility_weighted,3,1300,1
feasibility_weighted,3,1400,1
feasibility_weighted,3,1500,1
feasibility_weighted,3,1600,2
feasibility_weighted,3,1700,2
feasibility_weighted,3,1800,3
feasibility_weighted,3,1900,3
feasibility_weighted,3,2000,4
feasibility_weighted,3,2100,4
feasibility_weighted,3,2200,4
feasibility_weighted,3,2300,4
feasibility_weighted,3,2400,4
feasibility_weighted,3,2500,6
feasibility_weighted,3,2600,6
feasibility_weighted,3,2700,6
feasibility_weighted,3,2800,6
feasibility_weighted,3,2900,7
feasibility_weighted,3,3000,9
feasibility_weighted,3,3100,29
feasibility_weighted,3,3200,44
feasibility_weighted,3,3300,56
feasibility_weighted,3,3400,60
feasibility_weighted,3,3500,65
feasibility_weighted,3,3600,73
feasibility_weighted,3,3700,81
feasibility_weighted,3,3800,95
feasibility_weighted,3,3900,97
feasibility_weighted,3,4000,99
feasibility_weighted,3,4100,99
feasibility_weighted,3,4200,99
feasibility_weighted,3,4300,100
feasibility_weighted,3,4400,100
feasibility_weighted,3,4500,102
feasibility_weighted,3,4600,102
feasibility_weighted,3,4700,104
feasibility_weighted,3,4800,104
feasibility_weighted,3,4900,104
feasibility_weighted,3,5000,104
feasibility_weighted,3,5100,105
feasibility_weighted,3,5200,105
feasibility_weighted,3,5300,105
feasibility_weighted,3,5400,105
feasibility_weighted,4,100,1
feasibility_weighted,4,200,2
feasibility_weighted,4,300,2
feasibility_weighted,4,400,2
feasibility_weighted,4,500,2
feasibility_weighted,4,600,2
feasibility_weighted,4,700,2
feasibility_weighted,4,800,2
feasibility_weighted,4,900,2
feasibility_weighted,4,1000,2
feasibility_weighted,4,1100,2
feasibility_weighted,4,1200,2
feasibility_weighted,4,1300,2
feasibility_weighted,4,1400,2
feasibility_weighted,4,1500,2
feasibility_weighted,4,1600,2
feasibility_weighted,4,1700,2
feasibility_weighted,4,1800,2
feasibility_weighted,4,1900,2
feasibility_weighted,4,2000,2
feasibility_weighted,4,2100,2
feasibility_weighted,4,2200,3
feasibility_weighted,4,2300,3
feasibility_weighted,4,2400,3
feasibility_weighted,4,2500,5
feasibility_weighted,4,2600,6
feasibility_weighted,4,2700,7
feasibility_weighted,4,2800,16
feasibility_weighted,4,2900,44
feasibility_weighted,4,3000,59
feasibility_weighted,4,3100,67
feasibility_weighted,4,3200,72
feasibility_weighted,4,3300,81
feasibility_weighted,4,3400,87
feasibility_weighted,4,3500,89
feasibility_weighted,4,3600,91
feasibility_weighted,4,3700,92
feasibility_weighted,4,3800,92
feasibility_weighted,4,3900,93
feasibility_weighted,4,4000,94
feasibility_weighted,4,4100,94
feasibility_weighted,4,4200,95
feasibility_weighted,4,4300,101
feasibility_weighted,4,4400,103
feasibility_weighted,4,4500,103
feasibility_weighted,4,4600,103
feasibility_weighted,4,4700,103
feasibility_weighted,4,4800,103
feasibility_weighted,4,4900,104
feasibility_weighted,4,5000,105
feasibility_weighted,4,5100,105
feasibility_weighted,4,5200,105
feasibility_weighted,4,5300,105
feasibility_weighted,4,5400,105
